Rank,Player,Country,Birthdate
1,Novak Djokovic,SRB,5/22/1987
2,Daniil Medvedev,RUS,2/11/1996
3,Rafael Nadal,ESP,6/3/1986
4,Stefanos Tsitsipas,GRE,8/12/1998
5,Dominic Thiem,AUT,9/3/1993
6,Alexander Zverev,GER,4/20/1997
7,Andrey Rublev,RUS,10/20/1997
8,Roger Federer,SUI,8/8/1981
9,Matteo Berrettini,ITA,4/12/1996
10,Roberto Bautista Agut,ESP,4/14/1988
11,Diego Sebastian Schwartzman,ARG,8/16/1992
12,Denis Shapovalov,CAN,4/15/1999
13,Pablo Carreno Busta,ESP,7/12/1991
14,Casper Ruud,NOR,12/22/1998
15,Alex De Minaur,AUS,2/17/1999
16,David Goffin,BEL,12/7/1990
17,Gael Monfils,FRA,9/1/1986
18,Hubert Hurkacz,POL,2/11/1997
19,Felix Auger Aliassime,CAN,8/8/2000
20,Christian Garin,CHI,5/30/1996
21,Grigor Dimitrov,BUL,5/16/1991
22,Milos Raonic,CAN,12/27/1990
23,Jannik Sinner,ITA,8/16/2001
24,Aslan Karatsev,RUS,9/4/1993
25,Ugo Humbert,FRA,6/26/1998
26,Daniel Evans,GBR,5/23/1990
27,Lorenzo Sonego,ITA,5/11/1995
28,Nikoloz Basilashvili,GEO,2/23/1992
29,Karen Khachanov,RUS,5/21/1996
30,Stanislas Wawrinka,SUI,3/28/1985
31,Fabio Fognini,ITA,5/24/1987
32,Reilly Opelka,USA,8/28/1997
33,John Isner,USA,4/26/1985
34,Cameron Norrie,GBR,8/23/1995
35,Alejandro Davidovich Fokina,ESP,6/5/1999
36,Borna Coric,CRO,11/14/1996
37,Marin Cilic,CRO,9/28/1988
38,Alexander Bublik,KAZ,6/17/1997
39,Albert Ramos,ESP,1/17/1988
40,Taylor Harry Fritz,USA,10/28/1997
41,Adrian Mannarino,FRA,6/29/1988
42,Dusan Lajovic,SRB,6/30/1990
43,John Millman,AUS,6/14/1989
44,Filip Krajinovic,SRB,2/27/1992
45,Jan Lennard Struff,GER,4/25/1990
46,Benoit Paire,FRA,5/8/1989
47,Federico Delbonis,ARG,10/5/1990
48,Marton Fucsovics,HUN,2/8/1992
49,Miomir Kecmanovic,SRB,8/31/1999
50,Sebastian Korda,USA,7/5/2000
51,Lloyd George Muirhead Harris,RSA,2/24/1997
52,Tommy Paul,USA,5/17/1997
53,Kei Nishikori,JPN,12/29/1989
54,Sam Querrey,USA,10/7/1987
55,Laslo Djere,SRB,6/2/1995
56,Richard Gasquet,FRA,6/18/1986
57,Francis Tiafoe,USA,1/20/1998
58,Yoshihito Nishioka,JPN,9/27/1995
59,Guido Pella,ARG,5/17/1990
60,Nick Kyrgios,AUS,4/27/1995
61,Jeremy Chardy,FRA,2/12/1987
62,Dominik Koepfer,GER,4/29/1994
63,Lorenzo Musetti,ITA,3/3/2002
64,Aljaz Bedene,SLO,7/18/1989
65,Vasek Pospisil,CAN,6/23/1990
66,Marcos Giron,USA,7/24/1993
67,Alexei Popyrin,AUS,8/5/1999
68,Tennys Sandgren,USA,7/22/1991
69,Jaume Munar,ESP,5/5/1997
70,Pablo Andujar,ESP,1/23/1986
71,Soon Woo Kwon,KOR,12/2/1997
72,Jiri Vesely,CZE,7/10/1993
73,Egor Gerasimov,BLR,11/11/1992
74,Steve Johnson,USA,12/24/1989
75,Carlos Alcaraz Garfia,ESP,5/5/2003
76,Emil Ruusuvuori,FIN,4/2/1999
77,Gianluca Mager,ITA,12/1/1994
78,Jordan Thompson,AUS,4/20/1994
79,Ilya Ivashka,BLR,2/24/1994
80,Ricardas Berankis,LTU,6/21/1990
81,Thiago Monteiro,BRA,5/31/1994
82,Kyle Edmund,GBR,1/8/1995
83,Corentin Moutet,FRA,4/19/1999
84,Pablo Cuevas,URU,1/1/1986
85,Jo Wilfried Tsonga,FRA,4/17/1985
86,Marco Cecchinato,ITA,9/30/1992
87,Federico Coria,ARG,3/9/1992
88,Stefano Travaglia,ITA,12/18/1991
89,Feliciano Lopez,ESP,9/20/1981
90,Andreas Seppi,ITA,2/21/1984
91,James Duckworth,AUS,1/21/1992
92,Facundo Bagnis,ARG,2/27/1990
93,Radu Albot,MDA,11/11/1989
94,Norbert Gombos,SVK,8/13/1990
95,Lucas Pouille,FRA,2/23/1994
96,Salvatore Caruso,ITA,12/15/1992
97,Gilles Simon,FRA,12/27/1984
98,Mikael Ymer,SWE,9/9/1998
99,Yannick Hanfmann,GER,11/13/1991
100,Roberto Carballes Baena,ESP,3/23/1993
101,Pierre Hugues Herbert,FRA,3/18/1991
102,Kevin Anderson,RSA,5/18/1986
103,Taro Daniel,JPN,1/27/1993
104,Kamil Majchrzak,POL,1/13/1996
105,Mikhail Kukushkin,KAZ,12/26/1987
106,Fernando Verdasco,ESP,11/15/1983
107,Pedro Martinez Portero,ESP,4/26/1997
108,Mackenzie Mcdonald,USA,4/16/1995
109,Arthur Rinderknech,FRA,7/23/1995
110,Yuichi Sugita,JPN,9/18/1988
111,Andrej Martin,SVK,9/20/1989
112,Daniel Elahi Galan Riveros,COL,6/18/1996
113,Carlos Taberner,ESP,8/8/1997
114,Denis Kudla,USA,8/17/1992
115,Philipp Kohlschreiber,GER,10/16/1983
116,Yasutaka Uchiyama,JPN,8/5/1992
117,Francisco Cerundolo,ARG,8/13/1998
118,Andy Murray,GBR,5/15/1987
119,Benjamin Bonzi,FRA,6/9/1996
120,Joao Sousa,POR,3/30/1989
121,Pedro Sousa,POR,5/27/1988
122,Dennis Novak,AUT,8/28/1993
123,Attila Balazs,HUN,9/27/1988
124,Tallon Griekspoor,NED,7/2/1996
125,Bernabe Zapata Miralles,ESP,1/12/1997
126,Thiago Seyboth Wild,BRA,3/10/2000
127,Jozef Kovalik,SVK,11/4/1992
128,Damir Dzumhur,BIH,5/20/1992
129,Juan Ignacio Londero,ARG,8/15/1993
130,Christopher Oconnell,AUS,6/3/1994
131,Gregoire Barrere,FRA,2/16/1994
132,Juan Pablo Varillas Patino Samudio,PER,10/6/1995
133,Peter Gojowczyk,GER,7/15/1989
134,Jurij Rodionov,AUT,5/16/1999
135,Hugo Dellien,BOL,6/16/1993
136,Cedrik Marcel Stebe,GER,10/9/1990
137,Henri Laaksonen,SUI,3/31/1992
138,Brandon Nakashima,USA,8/3/2001
139,Botic Van De Zandschulp,NED,10/4/1995
140,Evgeny Donskoy,RUS,5/9/1990
141,Juan Manuel Cerundolo,ARG,11/15/2001
142,Jeffrey John Wolf,USA,12/21/1998
143,Liam Broady,GBR,1/4/1994
144,Tomas Machac,CZE,10/13/2000
145,Federico Gaio,ITA,3/5/1992
146,Nikola Milojevic,SRB,6/19/1995
147,Jenson Brooksby,USA,10/26/2000
148,Prajnesh Gunneswaran,IND,11/12/1989
149,Alex Bolt,AUS,1/5/1993
150,Sumit Nagal,IND,8/16/1997
151,Oscar Otte,GER,7/16/1993
152,Maxime Cressy,FRA,5/8/1997
153,Illya Marchenko,UKR,9/8/1987
154,Marc Polmans,AUS,5/2/1997
155,Marc Andrea Huesler,SUI,6/24/1996
156,Antonie Hoang,FRA,11/4/1995
157,Roman Safiullin,RUS,8/7/1997
158,Alex Molcan,SVK,12/1/1997
159,Blaz Rola,SLO,10/5/1990
160,Jason Jung,TPE,6/15/1989
161,Sebastian Baez,ARG,12/28/2000
162,Hugo Gaston,FRA,9/26/2000
163,Alessandro Giannessi,ITA,5/30/1990
164,Enzo Couacaud,FRA,3/1/1995
165,Paolo Lorenzi,ITA,12/15/1981
166,Daniel Altmaier,GER,9/12/1998
167,Elias Ymer,SWE,4/10/1996
168,Kacper Zuk,POL,1/21/1999
169,Emilio Gomez,ECU,11/28/1991
170,Mohamed Safwat,EGY,9/19/1990
171,Sebastian Ofner,AUT,5/12/1996
172,Alejandro Tabilo,CHI,6/2/1997
173,Danilo Petrovic,SRB,1/24/1992
174,Go Soeda,JPN,9/5/1984
175,Zhizhen Zhang,CHN,10/16/1996
176,Frederico Ferreira Silva,POR,3/18/1995
177,Bradley Klahn,USA,8/20/1990
178,Michael Mmoh,USA,1/10/1998
179,Mario Vilella Martinez,ESP,7/3/1995
180,Filip Horansky,SVK,1/7/1993
181,Thanasi Kokkinakis,AUS,4/10/1996
182,Ernesto Escobedo,USA,7/4/1996
183,Thomas Fabbiano,ITA,5/26/1989
184,Bjorn Fratangelo,USA,7/19/1993
185,Hyeon Chung,KOR,5/19/1996
186,Lukas Lacko,SVK,11/3/1987
187,Dmitry Popko,KAZ,10/24/1996
188,Denis Istomin,UZB,9/7/1986
189,Steven Diez,CAN,3/17/1991
190,Ernests Gulbis,LAT,8/30/1988
191,Kimmer Coppejans,BEL,2/7/1994
192,Tomas Martin Etcheverry,ARG,7/18/1999
193,Renzo Olivo,ARG,3/15/1992
194,Roberto Marcora,ITA,8/30/1989
195,Mitchell Krueger,USA,1/12/1994
196,Ivo Karlovic,CRO,2/28/1979
197,Quentin Halys,FRA,10/26/1996
198,Mathias Bourgue,FRA,1/18/1994
199,Alexandre Muller,FRA,2/1/1997
200,Maximilian Marterer,GER,6/15/1995
201,Cem Ilkel,TUR,8/21/1995
202,Martin Klizan,SVK,7/11/1989
203,Guido Andreozzi,ARG,8/5/1991
204,Lukas Rosol,CZE,7/24/1985
205,Marco Trungelliti,ARG,1/31/1990
206,Andrea Collarini,ARG,1/31/1992
207,Christopher Eubanks,USA,5/5/1996
208,Aleksandar Vukic,AUS,4/6/1996
209,Marcelo Tomas Barrios Vera,CHI,12/10/1997
210,Joao Lucas Magalhaes Hueb De Menezes,BRA,12/17/1996
211,Ramkumar Ramanathan,IND,11/8/1994
212,Mats Moraing,GER,6/20/1992
213,Viktor Troicki,SRB,2/10/1986
214,Robin Haase,NED,4/6/1987
215,Mikael Torpegaard,DEN,5/8/1994
216,Blaz Kavcic,SLO,3/5/1987
217,Ruben Bemelmans,BEL,1/14/1988
218,Gian Marco Moroni,ITA,2/13/1998
219,Holger Vitus Nodskov Rune,DEN,4/29/2003
220,Zizou Bergs,BEL,6/3/1999
221,Felipe Meligeni Rodrigues Alves,BRA,2/19/1998
222,Daniel Masur,GER,6/11/1994
223,Zdenek Kolar,CZE,10/9/1996
224,Marius Copil,ROU,10/17/1990
225,Thai Son Kwiatkowski,USA,2/13/1995
226,Marcel Granollers,ESP,4/12/1986
227,Tatsuma Ito,JPN,5/18/1988
228,Lorenzo Giustino,ITA,9/10/1991
229,Jack Sock,USA,9/24/1992
230,Jay Clarke,GBR,7/27/1998
231,Juan Pablo Ficovich,ARG,1/24/1997
232,Maxime Janvier,FRA,10/18/1996
233,Brayden Schnur,CAN,7/4/1995
234,Constant Lestienne,FRA,5/23/1992
235,Tobias Kamke,GER,5/21/1986
236,Leonardo Mayer,ARG,5/15/1987
237,Max Purcell,AUS,4/3/1998
238,Borna Gojo,CRO,2/27/1998
239,Matthew Ebden,AUS,11/26/1987
240,Gastao Elias,POR,11/24/1990
241,Bernard Tomic,AUS,10/21/1992
242,Sergiy Stakhovsky,UKR,1/6/1986
243,Andrea Pellegrino,ITA,3/23/1997
244,Joao Domingues,POR,10/5/1993
245,Yannick Maden,GER,10/28/1989
246,Dimitar Kuzmanov,BUL,7/28/1993
247,Altug Celikbilek,TUR,9/7/1996
248,Lukas Klein,SVK,3/22/1998
249,Ulises Blanch,USA,3/25/1998
250,Tristan Lamasine,FRA,3/5/1993
251,Peter Polansky,CAN,6/15/1988
252,Roberto Cid,DOM,8/30/1993
253,Jack Draper,GBR,12/22/2001
254,Yosuke Watanuki,JPN,4/12/1998
255,Nicola Kuhn,ESP,3/20/2000
256,Hugo Grenier,FRA,3/23/1996
257,Matthias Bachinger,GER,4/2/1987
258,Facundo Mena,ARG,9/22/1992
259,Manuel Guinard,FRA,11/15/1995
260,Matteo Viola,ITA,7/7/1987
261,Teymuraz Gabashvili,RUS,5/23/1985
262,Jesper De Jong,NED,5/31/2000
263,Chun Hsin Tseng,TPE,8/8/2001
264,Vit Kopriva,CZE,6/15/1997
265,Hiroki Moriya,JPN,10/16/1990
266,Carlos Gimeno Valero,ESP,6/25/2001
267,Jiri Lehecka,CZE,11/8/2001
268,Pedja Krstin,SRB,9/3/1994
269,Tung Lin Wu,TPE,5/12/1998
270,Zhe Li,CHN,9/20/1986
271,Nuno Borges,POR,2/19/1997
272,Jason Kubler,AUS,5/19/1993
273,Pavel Kotov,RUS,11/18/1998
274,Andrew Harris,AUS,3/7/1994
275,Mirza Basic,BIH,7/12/1991
276,Pedro Cachin,ARG,4/12/1995
277,Andrea Arnaboldi,ITA,12/27/1987
278,Roberto Quiroz,ECU,2/23/1992
279,Riccardo Bonadio,ITA,7/13/1993
280,Mischa Zverev,GER,8/22/1987
281,Duje Ajdukovic,CRO,2/5/2001
282,Guilherme Clezar,BRA,12/31/1992
283,Evgeny Karlovskiy,RUS,8/7/1994
284,Guillermo Garcia Lopez,ESP,6/4/1983
285,Malek Jaziri,TUN,1/20/1984
286,Noah Rubin,USA,2/21/1996
287,Julian Lenz,GER,2/17/1993
288,Michael Vrbensky,CZE,12/26/1999
289,Akira Santillan,AUS,5/22/1997
290,Elliot Benchetrit,FRA,10/2/1998
291,Jc Aragone,USA,6/28/1995
292,Christian Harrison,USA,5/29/1994
293,Dominic Stephan Stricker,SUI,8/16/2002
294,Nicolas Mejia,COL,2/11/2000
295,Tommy Robredo,ESP,5/1/1982
296,Adrian Menendez Maceiras,ESP,10/28/1985
297,Goncalo Oliveira,POR,2/17/1995
298,Evan Furness,FRA,8/13/1998
299,Camilo Ugo Carabelli,ARG,6/17/1999
300,Tim Van Rijthoven,NED,4/24/1997
301,Nino Serdarusic,CRO,12/13/1996
302,Yan Bai,CHN,5/21/1989
303,Vitaliy Sachko,UKR,7/14/1997
304,Igor Sijsling,NED,8/18/1987
305,Evgeny Tyurnev,RUS,4/8/1997
306,Roberto Ortega Olmedo,ESP,4/14/1991
307,Steve Darcis,BEL,3/13/1984
308,Filippo Baldi,ITA,1/10/1996
309,Nicolas Jarry,CHI,10/11/1995
310,Ji Sung Nam,KOR,8/15/1993
311,Rudolf Molleker,GER,10/26/2000
312,Alexander Ritschard,SUI,3/24/1994
313,Giulio Zeppieri,ITA,12/7/2001
314,Jonas Forejtek,CZE,3/10/2001
315,Dudi Sela,ISR,4/4/1985
316,Kevin King,USA,2/28/1991
317,Alexey Vatutin,RUS,10/27/1992
318,Orlando Luz,BRA,2/8/1998
319,Pedro Sakamoto,BRA,6/29/1993
320,Thomaz Bellucci,BRA,12/30/1987
321,Sasi Kumar Mukund,IND,1/14/1997
322,Lucas Miedler,AUT,6/21/1996
323,Darian King,BAR,4/26/1992
324,Filip Cristian Jianu,ROU,9/18/2001
325,Timofey Skatov,RUS,1/21/2001
326,Duck Hee Lee,KOR,5/29/1998
327,Janko Tipsarevic,SRB,6/22/1984
328,Raul Brancaccio,ITA,5/4/1997
329,Thiago Agustin Tirante,ARG,4/10/2001
330,Johannes Haerteis,GER,2/22/1996
331,Geoffrey Blancaneaux,FRA,8/8/1998
332,Dustin Brown,GER,12/8/1984
333,Viktor Galovic,ITA,9/19/1990
334,Alexander Erler,AUT,10/27/1997
335,Javier Barranco Cosano,ESP,11/17/1998
336,Stefano Napolitano,ITA,4/11/1995
337,Kyrian Jacquet,FRA,5/11/2001
338,Shuichi Sekiguchi,JPN,7/15/1991
339,Adrian Andreev,BUL,5/12/2001
340,Nerman Fatic,BIH,10/24/1994
341,Jelle Sels,NED,8/10/1995
342,Donald Young,USA,7/23/1989
343,Lucas Catarina,MON,8/26/1996
344,Agustin Velotti,ARG,5/24/1992
345,Kaichi Uchida,JPN,8/23/1994
346,Di Wu,CHN,9/14/1991
347,Stefan Kozlov,USA,2/1/1998
348,John Patrick Smith,AUS,12/4/1989
349,James Ward,GBR,2/9/1987
350,Michael Geerts,BEL,1/17/1995
351,Aziz Dougaz,TUN,3/26/1997
352,Matija Pecotic,CRO,7/3/1989
353,Nick Chappell,USA,9/19/1992
354,Petros Chrysochos,CYP,4/8/1996
355,Julian Ocleppo,ITA,8/1/1997
356,Nikolas Sanchez Izquierdo,ESP,3/15/1999
357,Nicolas Alvarez,PER,6/8/1996
358,Christian Lindell,SWE,11/20/1991
359,Andrea Vavassori,ITA,5/5/1995
360,Dayne Kelly,AUS,7/23/1990
361,Michael Redlicki,USA,11/16/1993
362,Carlos Gomez Herrera,ESP,4/30/1990
363,Corentin Denolly,FRA,6/6/1997
364,Yuta Shimizu,JPN,6/9/1999
365,Jan Choinski,GER,6/10/1996
366,Ryan Peniston,GBR,11/10/1995
367,Jeremy Jahn,GER,4/5/1990
368,Khumoyun Sultanov,UZB,10/27/1998
369,Flavio Cobolli,ITA,5/6/2002
370,Oriol Roca Batalla,ESP,4/30/1993
371,Hernan Casanova,ARG,2/6/1994
372,Alessandro Bega,ITA,1/11/1991
373,Viktor Durasovic,NOR,3/19/1997
374,Vladyslav Orlov,UKR,5/17/1995
375,Uladzimir Ignatik,BLR,7/14/1990
376,Nicolas Mahut,FRA,1/21/1982
377,Harry Bourchier,AUS,1/24/1996
378,Skander Mansouri,TUN,7/23/1995
379,Denis Yevseyev,KAZ,5/22/1993
380,Francesco Forti,ITA,7/26/1999
381,Nicolas Kicker,ARG,8/16/1992
382,Miljan Zekic,SRB,7/12/1988
383,Matteo Martineau,FRA,1/16/1999
384,Pablo Vivero Gonzalez,ESP,4/26/1995
385,Markus Eriksson,SWE,11/29/1989
386,Ivan Nedelko,RUS,5/12/1986
387,Jan Satral,CZE,7/24/1990
388,Sekou Bangoura,USA,11/18/1991
389,Konstantin Kravchuk,RUS,2/23/1985
390,Antoine Escoffier,FRA,2/29/1992
391,Yu Hsiou Hsu,TPE,4/2/1999
392,Yunseong Chung,KOR,3/27/1998
393,Rayane Roumane,FRA,9/11/2000
394,Facundo Diaz Acosta,ARG,12/15/2000
395,Vaclav Safranek,CZE,5/20/1994
396,Andrey Kuznetsov,RUS,2/22/1991
397,Jose Hernandez,DOM,3/13/1990
398,Alexey Zakharov,RUS,4/21/2000
399,Gonzalo Villanueva,ARG,1/13/1995
400,Jeroen Vanneste,BEL,1/17/1994
401,Ergi Kirkin,TUR,1/27/1999
402,Sebastian Fanselow,GER,12/30/1991
403,Aleksandr Nedovyesov,KAZ,2/15/1987
404,Alex Rybakov,USA,1/27/1997
405,Shintaro Imai,JPN,9/7/1993
406,Edan Leshem,ISR,3/19/1997
407,Aleksandar Kovacevic,USA,8/29/1998
408,Alvaro Lopez San Martin,ESP,6/2/1997
409,Maxime Hamou,FRA,6/8/1995
410,Franco Agamenone,ARG,4/15/1993
411,Oliver Crawford,USA,4/30/1999
412,Luke Saville,AUS,2/1/1994
413,Elmar Ejupovic,BIH,2/1/1993
414,Tsung Hua Yang,TPE,3/29/1991
415,Santiago Giraldo,COL,11/27/1987
416,Daniel Nguyen,USA,10/16/1990
417,Laurent Lokoli,FRA,10/18/1994
418,Sandro Ehrat,SUI,4/18/1991
419,Daniel Michalski,POL,1/11/2000
420,Oscar Jose Gutierrez,BRA,4/25/1993
421,Arthur Cazaux,FRA,8/23/2002
422,Zsombor Piros,HUN,10/13/1999
423,Jules Okala,FRA,8/18/1997
424,Matheus Pucinelli De Almeida,BRA,4/1/2001
425,Eduard Esteve Lobato,ESP,9/18/1994
426,Artem Dubrivnyy,RUS,1/31/1999
427,Luca Vanni,ITA,6/4/1985
428,Peter Heller,GER,8/12/1992
429,Christopher Heyman,BEL,10/8/1993
430,Genaro Alberto Olivieri,ARG,8/4/1998
431,Tobias Simon,GER,5/18/1991
432,Alexis Galarneau,CAN,3/2/1999
433,Lucas Poullain,FRA,12/5/1995
434,Baptiste Crepatte,FRA,9/21/1994
435,Aldin Setkic,BIH,12/21/1987
436,Marek Gengel,CZE,9/17/1995
437,Fabrizio Ornago,ITA,4/24/1992
438,Gijs Brouwer,NED,3/14/1996
439,Emilio Nava,USA,12/2/2001
440,Laurynas Grigelis,LTU,8/14/1991
441,Benjamin Hassan,GER,2/4/1995
442,Karim Mohamed Maamoun,EGY,4/9/1991
443,Diego Hidalgo,ECU,4/18/1993
444,Sadio Doumbia,FRA,9/12/1990
445,Bogdan Bobrov,RUS,9/16/1997
446,Dan Added,FRA,4/13/1999
447,Alen Avidzba,RUS,2/24/2000
448,Jacopo Berrettini,ITA,11/27/1998
449,Lucas Gerch,GER,12/20/1994
450,Raymond Sarmiento,USA,7/24/1992
451,David Poljak,CZE,5/17/1996
452,Harold Mayot,FRA,2/4/2002
453,Yshai Oliel,ISR,1/5/2000
454,Anton Matusevich,GBR,5/30/2001
455,Martins Podzus,LAT,6/29/1994
456,Peter Torebko,GER,2/10/1988
457,Collin Altamirano,USA,12/7/1995
458,Johan Nikles,SUI,3/23/1997
459,Benjamin Lock,ZIM,3/4/1993
460,Filip Peliwo,CAN,1/30/1994
461,Alejandro Gonzalez,COL,2/7/1989
462,Yannick Mertens,BEL,6/25/1987
463,Gonzalo Lama,CHI,4/27/1993
464,Renta Tokuda,JPN,3/29/1998
465,Nick Hardt,DOM,9/20/2000
466,Aidan Mchugh,GBR,7/9/2000
467,Santiago Fa Rodriguez Taverna,ARG,7/16/1999
468,Patrik Niklas Salminen,FIN,3/5/1997
469,Enrico Dalla Valle,ITA,3/21/1998
470,Louis Wessels,GER,8/27/1998
471,Makoto Ochi,JPN,5/3/1996
472,Giovanni Fonio,ITA,5/7/1998
473,Facundo Arguello,ARG,8/4/1992
474,Gianluigi Quinzi,ITA,2/1/1996
475,Ronald Slobodchikov,RUS,12/4/1993
476,Rio Noguchi,JPN,12/28/1998
477,Liam Caruana,USA,1/22/1998
478,Alexander Sarkissian,USA,4/3/1990
479,Brydan Klein,AUS,12/31/1989
480,Michail Pervolarakis,CYP,6/6/1996
481,Pol Martin Tiffon,ESP,7/30/1999
482,Fajing Sun,CHN,10/3/1996
483,Sho Shimabukuro,JPN,7/30/1997
484,Fabian Marozsan,HUN,10/8/1999
485,Calvin Hemery,FRA,1/28/1995
486,Bruno Santanna,BRA,7/12/1993
487,David Pichler,AUT,2/19/1996
488,Rogerio Dutra Silva,BRA,2/3/1984
489,Marko Tepavac,SRB,4/5/1994
490,Paul Jubb,GBR,10/31/1999
491,Manuel Pena Lopez,ARG,2/10/1998
492,Yusuke Takahashi,JPN,10/17/1997
493,Alexis Gautier,FRA,4/7/1997
494,Ivan Gakhov,RUS,11/4/1996
495,Antoine Cornut Chauvinc,FRA,7/7/2000
496,Arthur De Greef,BEL,3/27/1992
497,Zane Khan,USA,2/11/2002
498,Ricardo Ojeda Lara,ESP,1/26/1993
499,Shintaro Mochizuki,JPN,6/2/2003
500,Blake Mott,AUS,4/21/1996
501,Gonzalo Escobar,ECU,1/20/1989
502,Evan King,USA,3/25/1992
503,Antoine Bellier,SUI,10/18/1996
504,Felix Corwin,USA,5/26/1996
505,Ze Zhang,CHN,7/4/1990
506,Thomas Laurent,FRA,12/16/1997
507,Eduardo Struvay,COL,12/17/1990
508,Cristian Rodriguez,COL,6/24/1990
509,Georgii Kravchenko,UKR,7/28/2000
510,Mathieu Perchicot,FRA,8/28/1992
511,Alexander Shevchenko,RUS,12/29/2000
512,Oleksii Krutykh,UKR,3/10/2000
513,Nicolas Moreno De Alboran,ESP,7/14/1997
514,Gage Brymer,USA,2/7/1995
515,Riccardo Balzerani,ITA,10/25/1998
516,Matias Zukas,ARG,5/4/1996
517,Mircea Alexandru Jecan,ROU,6/2/1988
518,Strong Kirchheimer,USA,4/26/1995
519,Tiago Cacao,POR,2/28/1998
520,Dalibor Svrcina,CZE,10/2/2002
521,Tak Khunn Wang,FRA,10/12/1991
522,Pavel Nejedly,CZE,2/13/1993
523,Nicholas David Ionel,ROU,10/12/2002
524,Eric Vanshelboim,UKR,7/15/2001
525,Jerzy Janowicz,POL,11/13/1990
526,Otto Virtanen,FIN,6/21/2001
527,Martin Cuevas,URU,1/14/1992
528,Danylo Kalenichenko,UKR,2/2/1994
529,Roy Smith,USA,9/13/1998
530,Vladyslav Manafov,UKR,4/22/1993
531,Maxime Chazal,FRA,4/24/1993
532,Marko Miladinovic,SRB,12/7/2000
533,Ben Fatael,ISR,6/2/1997
534,Saketh Myneni,IND,10/19/1987
535,Inigo Cervantes Huegun,ESP,11/30/1989
536,Nicolas Alvarez Varona,ESP,5/18/2001
537,Gauthier Onclin,BEL,2/26/2001
538,Mateus Alves,BRA,1/23/2001
539,Lloyd Glasspool,GBR,11/19/1993
540,Robert Quentin,FRA,8/24/1994
541,Alexandar Lazarov,BUL,11/6/1997
542,Titouan Droguet,FRA,6/15/2001
543,Sanjar Fayziev,UZB,7/29/1994
544,Mats Rosenkranz,GER,8/23/1998
545,Adam Pavlasek,CZE,10/8/1994
546,Sidharth Rawat,IND,4/21/1993
547,Joao Lucas Reis Da Silva,BRA,3/26/2000
548,Jose Fco Vidal Azorin,ESP,6/12/1993
549,Daniel Gimeno Traver,ESP,8/7/1985
550,Maximiliano Estevez,ARG,5/18/1989
551,Dragos Nicolae Madaras,ROU,9/12/1997
552,Gabriel Petit,FRA,8/22/1995
553,Bastian Malla,CHI,9/22/1996
554,Ryan Harrison,USA,5/7/1992
555,Frederico Gil,POR,3/24/1985
556,Adam Moundir,SUI,4/26/1995
557,Evan Hoyt,GBR,1/16/1995
558,Jorge Brian Panta Herreros,PER,7/22/1995
559,Carlos Sanchez Jover,ESP,7/21/2000
560,Evan Song,USA,6/7/1992
561,Facundo Juarez,ARG,9/23/1997
562,Pol Toledo Bague,ESP,12/22/1994
563,Tim Smyczek,USA,12/30/1987
564,Sam Riffice,USA,3/1/1999
565,Martin Redlicki,USA,8/24/1995
566,Carlos Boluda Purkiss,ESP,1/22/1993
567,Clement Tabur,FRA,1/24/2000
568,Mick Veldheer,NED,4/5/1996
569,Wilson Leite,BRA,11/6/1991
570,Stuart Parker,GBR,7/30/1997
571,Mariano Kestelboim,ARG,2/6/1996
572,Yanki Erel,TUR,9/25/2000
573,Thomas Fancutt,AUS,2/25/1995
574,Marco Bortolotti,ITA,1/21/1991
575,Ricardo Rodriguez,VEN,4/28/1993
576,Johan Sebastien Tatlot,FRA,3/26/1996
577,Jacob Grills,AUS,6/18/1995
578,Andres Artunedo Martinavarr,ESP,9/14/1993
579,Alejandro Gomez,COL,8/14/1991
580,Jordan Correia Passos Do Carmo,BRA,7/5/1997
581,Matias Franco Descotte,ARG,8/29/1994
582,Michal Dembek,POL,8/7/1997
583,Seong Chan Hong,KOR,6/30/1997
584,Rafael Matos,BRA,1/6/1996
585,Alexander Zhurbin,RUS,1/14/1992
586,Juan Pablo Paz,ARG,1/4/1995
587,Simon Carr,IRL,11/7/1999
588,Patrick Kypson,USA,10/28/1999
589,Marcelo Arevalo,ESA,10/17/1990
590,Maverick Banes,AUS,4/10/1992
591,Daniel Dutra Da Silva,BRA,7/5/1988
592,Juan Ignacio Galarza,ARG,3/18/1994
593,Jumpei Yamasaki,JPN,7/2/1997
594,Daniele Capecchi,ITA,10/11/1995
595,Govind Nanda,USA,2/17/2001
596,Alexander Donski,CAN,8/1/1998
597,Fermin Tenti,ARG,6/14/1997
598,Dane Sweeny,AUS,2/12/2001
599,Jonathan Mridha,SWE,4/8/1995
600,Imanol Lopez Morillo,ESP,11/18/1999
601,Arthur Reymond,FRA,4/2/1999
602,Peter Nagy,HUN,3/17/1992
603,Jaume Pla Malfeito,ESP,6/3/1995
604,Savriyan Danilov,RUS,6/3/2000
605,Kenny De Schepper,FRA,5/29/1987
606,Aleksandre Metreveli,GEO,8/10/1993
607,Yan Bondarevskiy,RUS,3/17/2000
608,Federico Zeballos,BOL,5/30/1988
609,Maximilian Neuchrist,AUT,7/22/1991
610,Jordi Arconada,ARG,9/6/1996
611,Arnaud Bovy,BEL,9/17/2000
612,Christian Langmo,USA,6/1/1996
613,Marvin Moeller,GER,1/18/1999
614,Mate Valkusz,HUN,8/13/1998
615,Brandon Holt,USA,4/6/1998
616,Takanyi Garanganga,ZIM,9/6/1990
617,Jonathan Eysseric,FRA,5/27/1990
618,Vasil Kirkov,USA,3/13/1999
619,Nicolas Alberto Arreche,ARG,9/15/1994
620,Tomas Lipovsek Puches,ARG,4/17/1993
621,Dusty H Boyer,USA,7/2/1993
622,Evan Zhu,USA,8/15/1998
623,Erik Crepaldi,ITA,5/4/1990
624,Davide Galoppini,ITA,10/24/1994
625,Yen Hsun Lu,TPE,8/14/1983
626,Hugo Nys,MON,2/16/1991
627,Igor Ribeiro Marcondes,BRA,6/16/1997
628,Alibek Kachmazov,RUS,8/17/2002
629,Andrea Basso,ITA,10/8/1993
630,Naoki Nakagawa,JPN,11/19/1996
631,Sergey Fomin,UZB,2/1/2001
632,Mykyta Mashtakov,UKR,3/18/1999
633,Alexis Musialek,FRA,7/4/1988
634,Marsel Ilhan,TUR,6/11/1987
635,Valentin Royer,FRA,5/29/2001
636,Luca Potenza,ITA,7/28/2000
637,Alex Marti Pujolras,ESP,2/10/1999
638,Harri Heliovaara,FIN,6/4/1989
639,Djurabek Karimov,UZB,6/4/1998
640,Marvin Netuschil,GER,7/2/1991
641,Kai Wehnelt,GER,11/27/1995
642,Naoki Tajima,JPN,9/21/2000
643,Luca Nardi,ITA,8/6/2003
644,Petr Nouza,CZE,9/9/1998
645,Mauricio Echazu,PER,1/21/1989
646,Gerardo Lopez Villasenor,MEX,5/12/1995
647,Jurgen Zopp,EST,3/29/1988
648,Pablo Llamas Ruiz,ESP,10/13/2002
649,Nicolae Frunza,ROU,11/15/1997
650,Lenny Hampel,AUT,12/24/1996
651,Robert Strombachs,GER,9/15/1999
652,Ryan Nijboer,NED,7/28/1999
653,Yuki Mochiduki,JPN,11/23/1997
654,Wojciech Marek,POL,5/27/2001
655,Tom Kocevar Desman,SLO,7/10/1990
656,Alejo Lorenzo Lingua Lavallen,ARG,3/9/2001
657,Moez Chargui,TUN,1/10/1993
658,Marat Deviatiarov,UKR,4/19/1994
659,Juan Sebastian Gomez,COL,3/5/1992
660,Robin Stanek,CZE,1/3/1995
661,Pietro Rondoni,ITA,11/3/1993
662,Gilbert Soares Klier Junior,BRA,5/16/2000
663,Pedro Vives Marcos,ESP,4/13/2001
664,Adam El Mihdawy,USA,8/9/1989
665,John Mcnally,USA,10/18/1998
666,Benjamin Sigouin,CAN,6/3/1999
667,Omar Giacalone,ITA,1/11/1992
668,Manish Sureshkumar,IND,8/13/1999
669,Mark Whitehouse,GBR,5/1/1993
670,Jakub Paul,SUI,3/22/1999
671,Benjamin Pietri,FRA,7/31/1996
672,Alexander Cozbinov,MDA,4/28/1995
673,Simone Roncalli,ITA,5/8/1996
674,Axel Geller,ARG,4/1/1999
675,Billy Harris,GBR,1/25/1995
676,Giacomo Dambrosi,ITA,8/20/2001
677,Damien Wenger,SUI,3/17/2000
678,Ryota Tanuma,JPN,9/22/1995
679,Luke Johnson,GBR,3/18/1994
680,Kristjan Tamm,EST,6/16/1998
681,Alexander Weis,ITA,4/24/1997
682,Jean Thirouin,USA,9/18/1997
683,Hamad Medjedovic,SRB,7/18/2003
684,Clement Geens,BEL,3/11/1996
685,Andrew Paulson,CZE,11/16/2001
686,Martin Damm,USA,9/30/2003
687,Takuto Niki,JPN,10/12/1987
688,Luca Giacomini,ITA,10/24/1997
689,Gleb Sakharov,FRA,6/10/1988
690,Ruan Roelofse,RSA,11/18/1989
691,Edoardo Lavagno,ITA,7/27/1998
692,Matthew Christopher Romios,AUS,3/29/1999
693,Federico Arnaboldi,ITA,6/18/2000
694,Patrik Rikl,CZE,1/6/1999
695,Emiliano Maggioli,ITA,4/30/2001
696,Francisco Comesana,ARG,10/6/2000
697,Ronan Joncour,FRA,1/27/1997
698,Andrey Chepelev,RUS,8/2/1998
699,Lamine Ouahab,ALG,12/22/1984
700,Fabien Reboul,FRA,9/9/1995
701,Quentin Folliot,FRA,12/31/1998
702,Simon Freund,SWE,9/28/1996
703,Dimitriy Voronin,RUS,5/28/1999
704,Alexandr Igoshin,RUS,1/10/1992
705,Colin Sinclair,AUS,12/19/1994
706,Jaroslav Pospisil,CZE,2/9/1981
707,Zachary Svajda,USA,11/29/2002
708,Guy Orly Iradukunda,BDI,3/21/1996
709,Juan Bautista Torres,ARG,4/2/2002
710,Remy Bertola,SUI,8/31/1998
711,Mariano Navone,ARG,2/27/2001
712,Filip Bergevi,SWE,4/20/1994
713,Kelsey Stevenson,CAN,5/29/1990
714,Vladimir Ivanov,EST,4/10/1987
715,Carlos Lopez Montagud,ESP,7/6/2000
716,Luca Castelnuovo,SUI,1/29/1997
717,Francesco Vilardo,ITA,12/28/1989
718,Alexander Brown,USA,5/2/1999
719,Adrian Obert,GER,3/19/1995
720,Kirill Kivattsev,RUS,10/10/1997
721,Giorgio Ricca,ITA,2/27/1995
722,Arjun Kadhe,IND,1/7/1994
723,Karl Friberg,SWE,3/25/1999
724,Benjamin Winter Lopez,ESP,5/27/1998
725,Benjamin Dhoe,BEL,8/20/1996
726,Pawel Cias,POL,2/22/1994
727,Tom Jomby,FRA,2/18/1991
728,Dennis Uspensky,USA,10/22/1996
729,Guido Ivan Justo,ARG,12/17/1997
730,Lorenzo Bocchi,ITA,11/29/1997
731,Sebastian Prechtel,GER,5/14/1996
732,Jurgen Briand,FRA,1/11/1999
733,Matteo Gigante,ITA,1/4/2002
734,Calum Puttergill,AUS,10/22/1993
735,Tomislav Brkic,BIH,3/9/1990
736,Runhao Hua,CHN,3/6/1996
737,Christoph Negritu,GER,3/21/1994
738,Justin Butsch,USA,1/7/1995
739,Alexander Crnokrak,AUS,1/24/2000
740,Boris Pokotilov,RUS,5/27/1997
741,Denys Klok,UKR,5/26/1998
742,Kento Takeuchi,JPN,12/19/1987
743,Cayetano March,ECU,7/3/2000
744,Juan Martin Del Potro,ARG,9/23/1988
745,Stefan Seifert,GER,2/28/1985
746,Lilian Marmousez,FRA,1/3/2002
747,Peter Bertran,DOM,3/5/1996
748,Francesco Passaro,ITA,1/7/2001
749,Jie Cui,CHN,1/24/1998
750,Zeke Clark,USA,7/19/1998
751,Sandro Kopp,AUT,5/26/2000
752,Toby Alex Kodat,USA,1/13/2003
753,Wishaya Trongcharoenchaikul,THA,4/8/1995
754,Ignacio Monzon,ARG,1/5/1998
755,Conner Huertas Del Pino,PER,12/20/1995
756,Keegan Smith,USA,6/23/1998
757,Gustav Hansson,SWE,4/15/1995
758,Eliakim Coulibaly,CIV,5/5/2002
759,Tristan Schoolkate,AUS,2/26/2001
760,Nam Hoang Ly,VIE,2/25/1997
761,Niki Kaliyanda Poonacha,IND,4/27/1995
762,Nicolas Barrientos,COL,4/24/1987
763,Yecong He,CHN,2/15/1994
764,Niels Lootsma,NED,8/15/1994
765,Constantin Schmitz,GER,5/24/1995
766,Austin Rapp,USA,8/20/1996
767,Michel Vernier,CHI,9/27/1992
768,Dragos Dima,ROU,6/16/1992
769,Maxim Ratniuk,UKR,4/28/1996
770,Aziz Ouakaa,TUN,8/7/1999
771,Luciano Darderi,ITA,
772,Leandro Riedi,SUI,1/27/2002
773,Rinky Hijikata,AUS,2/23/2001
774,Gergely Madarasz,HUN,10/1/1994
775,Ivan Davydov,RUS,10/18/1996
776,Dominik Boehler,GER,2/21/1996
777,Alberto Barroso Campos,ESP,6/4/1996
778,Jaimee Floyd Angele,FRA,3/27/2000
779,Shalva Dzhanashia,RUS,8/26/1992
780,Markos Kalovelonis,GRE,5/18/1994
781,Paul Woerner,GER,8/23/1996
782,Scott Griekspoor,NED,1/10/1991
783,Nathan Ponwith,USA,4/20/1998
784,Ryan Shane,USA,4/15/1994
785,Justin Roberts,BAH,12/4/1996
786,Michal Konecny,CZE,10/13/1989
787,Maxime Tchoutakian,FRA,1/3/1994
788,Artem Smirnov,UKR,2/2/1988
789,Filip Misolic,AUT,8/8/2001
790,Cezar Cretu,ROU,4/24/2001
791,Juan Bautista Otegui,ARG,2/23/1999
792,Joao Pedro Sorgi,BRA,10/18/1993
793,Nicolo Turchetti,ITA,5/29/1996
794,Oleg Prihodko,UKR,10/3/1997
795,Grigoriy Lomakin,KAZ,3/18/1998
796,Thiemo De Bakker,NED,9/19/1988
797,Ljubomir Celebic,MNE,9/15/1991
798,Guy Den Heijer,NED,3/30/1997
799,Bogdan Ionut Apostol,ROU,1/17/1996
800,Marco Miceli,ITA,11/3/1998
801,Yurii Dzhavakian,UKR,5/7/1993
802,Connor Farren,USA,10/3/1994
803,Luis Faria,BRA,7/18/1999
804,Daniel Brands,GER,7/17/1987
805,Daniel Cukierman,ISR,7/9/1995
806,Sergio Gutierrez Ferrol,ESP,3/5/1989
807,Liam Draxl,CAN,12/5/2001
808,Oleksandr Ovcharenko,UKR,
809,Joshua Ortlip,USA,1/22/1997
810,Dennis Novikov,USA,11/6/1993
811,David Perez Sanz,ESP,5/15/1994
812,Duje Kekez,CRO,3/30/1993
813,David Jorda Sanchis,ESP,6/14/1994
814,Federico Iannaccone,ITA,3/26/1999
815,Sarp Agabigun,TUR,6/12/1997
816,Louis Dussin,FRA,7/1/1999
817,Dan Alexandru Tomescu,ROU,3/30/1999
818,Juan Alejandro Hernandez Serrano,MEX,6/23/1999
819,Simon Yitbarek,SWE,10/31/2000
820,Toshihide Matsui,JPN,4/19/1978
821,Aziz Kijametovic,BIH,9/1/1996
822,Tigre Hank,MEX,9/30/1991
823,Gregoire Jacq,FRA,11/9/1992
824,Timo Legout,FRA,3/13/2002
825,Gianluca Di Nicola,ITA,12/7/1995
826,Petr Michnev,CZE,8/3/1989
827,Nik Razborsek,SLO,10/4/1993
828,Andrea Guerrieri,ITA,12/3/1998
829,Takashi Saito,JPN,2/23/1995
830,Jose Olivares,DOM,1/8/1997
831,George Loffhagen,GBR,4/19/2001
832,Taisei Ichikawa,JPN,12/21/2000
833,Alec Adamson,USA,8/30/1994
834,Kristian Lozan,RUS,10/26/1998
835,Louis Tessa,FRA,4/6/1998
836,Bart Stevens,NED,1/29/1998
837,Javier Marti,ESP,1/11/1992
838,Julien Cagnina,BEL,6/4/1994
839,Hady Habib,LIB,8/21/1998
840,Kuan Yi Lee,TPE,9/9/1996
841,Mehluli Don Ayanda Sibanda,ZIM,11/6/1999
842,Peter Fajta,HUN,5/23/2002
843,Roman Andres Burruchaga,ARG,1/23/2002
844,Kenneth Raisma,EST,4/3/1998
845,Jonathan Gray,GBR,4/9/1997
846,Tomas Jirousek,CZE,1/4/2000
847,Gabriele Maria Noce,ITA,10/29/1995
848,Daniil Glinka,EST,5/12/2000
849,Riccardo Maiga,SUI,7/5/1989
850,Brandon Walkin,AUS,8/16/1994
851,Yan Sabanin,RUS,1/31/1990
852,Majed Kilani,TUN,1/1/1997
853,Savva Polukhin,RUS,11/19/1998
854,Timo Stodder,GER,5/17/1996
855,Jan Zielinski,POL,11/16/1996
856,Edoardo Eremin,ITA,10/5/1993
857,Andrey Golubev,KAZ,7/22/1987
858,Chukang Wang,CHN,9/6/1999
859,Mwendwa Mbithi,USA,1/10/1998
860,Uisung Park,KOR,9/27/2000
861,Peter Kobelt,USA,11/17/1990
862,Mattia Bellucci,ITA,6/1/2001
863,Rimpei Kawakami,JPN,8/29/2000
864,Simon Anthony Ivanov,BUL,7/3/2000
865,Ondrej Krstev,CZE,6/13/1997
866,Luis Patino,MEX,10/6/1993
867,Ugo Blanchet,FRA,1/5/1999
868,Alejandro Mendoza,BOL,2/2/1990
869,Alessandro Petrone,ITA,12/23/1990
870,Jules Marie,FRA,9/1/1991
871,Kevin Krawietz,GER,1/24/1992
872,Matias Soto,CHI,4/27/1999
873,Nathan Seateun,FRA,6/25/1997
874,Arthur Fils,FRA,6/12/2004
875,Franco Emanuel Egea,ARG,1/1/1996
876,Anas Fattar,MAR,5/12/1987
877,Calin Manda,ROU,4/3/1998
878,Alexander Lebedev,USA,3/29/1997
879,Harry Thursfield,GBR,12/30/2000
880,Stefano Battaglino,ITA,6/17/1998
881,Ivan Liutarevich,BLR,2/20/1996
882,Vladimir Korolev,RUS,9/6/1995
883,Chien Hsun Lo,TPE,11/15/1998
884,Olukayode Alafia Damina Ayeni,USA,8/10/1999
885,Max Houkes,NED,7/3/2000
886,Carl Soderlund,SWE,6/3/1997
887,Bradley Mousley,AUS,1/3/1996
888,Laurent Rochette,FRA,2/5/1988
889,Sem Verbeek,NED,4/12/1994
890,Shinji Hazawa,JPN,4/12/1999
891,Joao Monteiro,POR,12/27/1993
892,Andrew Watson,GBR,8/28/1996
893,Matvey Khomentovskiy,RUS,8/25/1994
894,Martin Krumich,CZE,
895,Cheong Eui Kim,KOR,3/23/1990
896,Illia Biloborodko,UKR,5/7/2001
897,Soichiro Moritani,JPN,8/12/1994
898,Antonio Massara,ITA,9/16/1995
899,Lukas Krainer,AUT,10/12/2000
900,David Volfson,CAN,9/14/1997
901,Ajeet Rai,NZL,1/18/1999
902,Dostanbek Tashbulatov,KAZ,6/27/2000
903,Luca Prevosto,ITA,9/9/1998
904,Aryan Goveas,IND,7/9/1998
905,Simone Bolelli,ITA,10/8/1985
906,Ye Cong Mo,CHN,6/26/2000
907,Gabriel Alejandro Hidalgo,ARG,8/6/1990
908,Alfredo Perez,USA,5/22/1997
910,Alexander Kotzen,USA,7/1/2000
911,Pedro Araujo,POR,11/22/1974
912,Tadeas Paroulek,CZE,12/30/1999
913,Jonas Trinker,AUT,8/29/1995
914,George Tsivadze,GEO,1/2/1993
915,Gabriel Donev,BUL,6/29/1996
916,Stefan Palosi,ROU,1/28/2000
917,Alessandro Ingarao,ITA,8/2/1999
918,Mikhail Fufygin,RUS,5/13/1990
919,Dominik Palan,CZE,9/30/2000
920,Petros Tsitsipas,GRE,7/27/2000
921,Haru Inoue,JPN,7/20/1996
922,Justin Eleveld,NED,5/26/1992
923,Matteo Donati,ITA,2/28/1995
924,Aleksandre Bakshi,GEO,7/15/1997
925,Henry Craig,USA,10/10/1994
926,Ante Pavic,CRO,3/7/1989
927,Niels Visker,NED,10/5/2001
928,Jack Findel Hawkins,GBR,10/6/1994
929,Julius Tverijonas,LTU,6/14/1994
930,Harrison Adams,USA,5/25/1994
931,Yaraslau Shyla,BLR,3/5/1993
932,Cengiz Aksu,TUR,7/30/1998
933,Luca Tomasetto,ITA,3/31/1996
934,Matic Spec,SLO,2/26/1995
935,Matvey Minin,RUS,6/28/2001
935,Tomas Farjat,ARG,2/15/2001
937,Rhett Purcell,GBR,2/6/1996
938,Marco Brugnerotto,ITA,5/8/1996
939,Julian Bradley,IRL,7/16/1992
940,Toby Martin,GBR,2/19/1993
941,Simon Beaupain,BEL,5/18/1999
942,Anis Ghorbel,TUN,4/24/1989
943,Ignacio Carou,ARG,7/12/1999
944,Manuel Sanchez,MEX,1/5/1991
945,San Hui Sin,KOR,3/18/1997
946,Alexander Vasilenko,RUS,2/26/1995
947,Martin Beran,CAN,11/27/1995
948,Matej Sabanov,CRO,6/25/1992
949,Taha Baadi,CAN,7/19/2001
950,Zachary Eisinga,NED,1/9/2000
951,Kazuki Nishiwaki,JPN,10/29/1994
952,Diego Fernandez Flores,CHI,10/7/2000
953,Rishab Agarwal,IND,12/5/1995
954,Mattia Frinzi,ITA,8/31/1999
955,Michiel De Krom,NED,6/27/1998
956,Reese Stalder,USA,11/12/1996
957,Luigi Sorrentino,ITA,6/18/1998
958,Peter Bothwell,IRL,9/28/1995
959,Mirko Martinez,SUI,4/3/1998
960,Jared Donaldson,USA,10/9/1996
961,Daniel Rodrigues,POR,2/11/2000
962,Alastair Gray,GBR,6/22/1998
963,Jeremy Beale,AUS,10/4/1994
964,Albert Alcaraz Ivorra,ESP,5/15/1995
965,Kyle Seelig,USA,9/17/1997
966,Stephane Robert,FRA,5/17/1980
967,Christian Samuelsson,SWE,1/9/1996
968,Gianni Mina,FRA,2/9/1992
969,Cannon Kingsley,USA,5/6/2001
970,Pierre Faivre,FRA,2/12/1996
971,Paul Oosterbaan,USA,7/8/1995
972,Gerard Granollers,ESP,1/30/1989
973,Hiroyasu Ehara,JPN,6/18/1991
974,Sebastian Gima,ROU,
975,Cheng Yu Yu,TPE,4/2/1995
976,Yuanfeng Li,CHN,11/10/1993
977,Tsung Hao Huang,TPE,11/22/1999
977,Valentin Guenther,GER,2/14/1998
979,Albano Olivetti,FRA,11/24/1991
980,Xin Gao,CHN,5/12/1994
981,Hugo Schott,FRA,9/5/1996
982,Mikalai Haliak,BLR,8/14/1998
983,Timur Kiuamov,RUS,10/30/1996
984,Maxime Mora,FRA,3/26/1997
985,Garrett Johns,USA,12/17/2000
986,Abhinav Sanjeev Shanmugam,IND,11/15/1998
987,Felix Gill,GBR,6/1/2002
988,Jacob Dunbar,USA,10/2/1995
989,Karlis Ozolins,LVA,
990,Baran Cengiz,TUR,5/23/2001
991,Luka Pavlovic,FRA,3/30/2000
992,Pak Long Yeung,HKG,2/14/1995
993,Luca Gelhardt,GER,12/28/1994
994,Franco Feitt,ARG,9/3/1992
994,Marius Ruzgas,SWE,10/20/1996
996,Alex Blumenberg,BRA,5/15/1992
997,Omni Kumar,USA,10/10/2001
998,Francisco Cabral,POR,1/8/1997
999,Yanais Laurent,FRA,6/6/1992
1000,Sergi Perez Contri,ESP,1/20/1998
1001,Sidane Pontjodikromo,NED,10/24/2000
1002,Victor Estrella,DOM,8/2/1980
1003,Vadym Ursu,UKR,1/1/1997
1004,Maciej Rajski,POL,5/3/1991
1005,Justin Boulais,CAN,10/20/2001
1006,Chuhan Wang,CHN,2/24/1992
1007,Pascal Meis,GER,6/11/1993
1008,Bart Van Den Berg,NED,7/25/1993
1009,Kalman L Boyd,USA,4/9/1997
1009,Vlad Andrei Dancu,ROU,3/8/1999
1011,Sora Fukuda,JPN,10/3/1997
1012,Saidalo Saidkarimov,UZB,9/24/1997
1013,Hong Kit Jack Wong,HKG,8/30/1998
1014,Tristan Boyer,USA,4/21/2001
1015,Arthur Bouquier,FRA,12/25/2000
1016,Dhruv Sunish,IND,11/19/1999
1017,Niklas Guttau,GER,1/3/2000
1018,Diego Augusto Barreto Sanchez,ESP,4/18/2002
1019,Petr Hajek,CZE,3/12/1997
1020,Pierre Delage,FRA,1/22/2001
1021,Albert Roglan,ESP,11/13/1998
1022,Koray Kirci,TUR,8/17/1998
1023,Oleg Khotkov,UKR,3/11/1990
1024,Issei Okamura,JPN,5/26/1992
1025,Yuki Bhambri,IND,7/4/1992
1026,Will Maher,AUS,9/16/1999
1027,Filip Kolasinski,POL,12/4/2000
1028,Andrea Bolla,ITA,10/28/1998
1029,Vincent Stouff,FRA,6/3/1986
1030,Jung Woong Na,KOR,10/31/1992
1031,Lorenzo Frigerio,ITA,2/17/1989
1032,Hamid Reza Nadaf,IRI,11/19/1992
1033,Vlad Victor Cornea,ROU,9/24/1993
1034,Michael Shabaz,USA,8/20/1987
1035,Arthur Fery,GBR,7/12/2002
1036,Matthew Mendez,USA,
1037,Alexandr Binda,RUS,9/22/2001
1038,Egor Noskin,RUS,5/9/2000
1039,Giovanni Mpetshi Perricard,FRA,7/8/2003
1040,Dragos Constantin Ignat,ROU,2/13/1993
1041,Matyas Fuele,HUN,12/22/1998
1042,Jakob Aichhorn,AUT,9/22/1998
1043,Hanwen Li,CHN,
1044,Kasidit Samrej,THA,1/26/2001
1045,Adrian Bodmer,SUI,3/6/1995
1046,Andrea Picchione,ITA,6/7/1998
1047,Timur Khabibulin,KAZ,8/2/1995
1048,Tyler Mercier,USA,6/21/1991
1049,Blake Ellis,AUS,1/6/1999
1050,S D Prajwal Dev,IND,5/27/1996
1051,Cameron Green,AUS,4/22/1996
1052,Daisuke Sumizawa,JPN,1/31/1999
1053,Miguel Damas,ESP,12/21/1999
1054,Maxime Pauwels,BEL,7/31/1998
1055,Gorazd Srbljak,MKD,8/24/1997
1056,Alexis Canter,GBR,6/3/1998
1057,Jacob Fearnley,GBR,7/15/2001
1058,Logan Smith,USA,10/29/1996
1059,Daniel Munoz De La Nava,ESP,1/29/1982
1060,Gengo Kikuchi,JPN,11/7/1991
1061,Jeffrey Von Der Schulenburg,SUI,
1062,Sumit Sarkar,USA,7/12/1999
1063,Yankel Zemel,ISR,8/26/1998
1064,Lucas Renard,SWE,9/30/1992
1065,Yuta Kawahashi,JPN,1/26/1998
1066,Joao Hinsching,BRA,5/1/1997
1067,Florent Bax,FRA,6/16/1999
1068,Aleksandr Braynin,UKR,8/29/1999
1069,Mick Lescure,FRA,6/2/1993
1070,Colin Van Beem,NED,4/28/1992
1070,Marlon Vankan,GER,8/27/2000
1072,Frane Nincevic,CRO,6/17/1999
1073,Lucas Hellfritsch,GER,2/28/1998
1074,Alan Kohen,ARG,4/20/1993
1075,Alejo Vilaro,ARG,9/26/1995
1076,Francisco Andreu Garcia,ESP,3/7/2001
1077,Ray Ho,TPE,2/13/2000
1078,Raphael Baltensperger,SUI,12/18/1997
1079,Terence Atmane,FRA,
1080,Adil Kalyanpur,IND,1/26/2000
1081,Anirudh Chandrasekar,IND,7/11/1998
1082,Aron Pierce,USA,1/4/1997
1083,Domagoj Biljesko,CRO,6/28/1997
1084,Karlo Cubelic,GER,1/13/1998
1085,Peter Goldsteiner,AUT,7/31/1990
1086,Sagadat Ayap,KAZ,5/25/1995
1087,Michael Zhu,USA,8/12/1992
1088,Maksim Tikhomirov,USA,7/10/1990
1089,Yibing Wu,CHN,10/14/1999
1090,Max Hans Rehberg,GER,9/13/2003
1091,Rigele Te,CHN,10/9/1997
1092,Henry Patten,GBR,5/6/1996
1092,Samuele Ramazzotti,ITA,2/27/1999
1094,Dalwinder Singh,IND,4/25/1996
1095,Khololwam Montsi,RSA,11/20/2002
1096,Raphael Collignon,BEL,1/13/2002
1097,Charles Broom,GBR,4/24/1998
1097,Tanner K Smith,USA,6/23/1995
1099,Evgeny Philippov,RUS,
1100,Juan Carlos Manuel Aguilar,BOL,11/20/1998
1101,Julian Cash,GBR,8/29/1996
1102,David Fox,GBR,2/20/1994
1103,Mathys Erhard,FRA,10/26/2001
1104,Alexander Zgirovsky,BLR,7/10/2001
1105,Nitin Kumar Sinha,IND,2/20/1999
1106,Jesse Flores,CAN,3/31/1995
1107,Palaphoom Kovapitukted,THA,12/5/1999
1108,Luca Staeheli,SUI,3/8/2000
1109,Keisuke Saitoh,JPN,4/29/2001
1110,Gianmarco Ferrari,ITA,10/4/2000
1111,Vasile Antonescu,ROU,3/24/1990
1112,Min Kyu Song,KOR,8/25/1990
1113,Aaron Schmid,SUI,9/17/2000
1114,Christoffer Solberg,SWE,2/1/1994
1114,William Bushamuka,COD,1/24/1996
1116,Maxence Beauge,FRA,6/8/2000
1117,Maciej Smola,POL,3/24/1993
1118,Lucas Gomez,MEX,8/11/1995
1119,Jesse Delaney,AUS,11/14/1998
1120,Aj Catanzariti,USA,8/21/1995
1121,Kazuma Kawachi,JPN,10/11/1994
1122,Joshua Paris,GBR,3/6/1996
1123,Hugo Pontico,FRA,10/19/1997
1124,Tom Pisane,BEL,10/11/2000
1125,Manfred Fellin,ITA,2/24/1997
1126,Alexandros Skorilas,GRE,3/16/2000
1127,Piotr Grynkowski,POL,6/12/1992
1128,Aliaksandr Liaonenka,BLR,3/17/1999
1129,Samuel Bensoussan,FRA,11/18/1991
1130,August Holmgren,DEN,4/22/1998
1131,Amadatus Admiraal,NED,3/12/2000
1132,Vincent Millot,FRA,1/30/1986
1133,Ronan Jachuck,USA,10/8/2001
1134,Mauricio Astorga,MEX,6/19/1991
1135,Andrew Fenty,USA,3/8/2000
1136,Haitong Xia,CHN,1/8/1996
1137,Egor Agafonov,RUS,9/5/2002
1138,Alon Elia,ISR,6/12/1995
1139,Wei De Lin,TPE,2/5/1996
1140,Ryan James Storrie,GBR,2/28/1998
1141,Karlo Kranic,CRO,4/23/1999
1142,Jai Corbett,AUS,3/11/1994
1143,Oscar Weightman,GBR,11/19/2001
1144,Alexandre Peyrot,FRA,10/15/1994
1145,Sergio Martos Gornes,ESP,10/19/1994
1146,Bautista Vilicich,ARG,
1147,Lucas Vuradin,AUS,1/26/1999
1148,Eero Vasa,FIN,2/1/1997
1149,Isaiah Strode,USA,9/15/1997
1150,Runyu Zhao,CHN,2/24/2000
1151,Alejandro Moro Canas,ESP,12/7/2000
1152,Daniel De Jonge,NED,8/17/1999
1152,Nini Gabriel Dica,ROU,4/29/2001
1152,Seong Gook Oh,KOR,4/23/1992
1155,Bekkhan Atlangeriev,RUS,3/12/2001
1156,Siddanth Banthia,IND,8/4/2000
1157,Hendrik Jebens,GER,8/8/1995
1158,Shao Fan Liu,TPE,1/30/1997
1159,Lukas Neumayer,AUT,
1160,Giovani Samaha,LIB,7/14/1994
1161,Aristotelis Thanos,GRE,
1162,Marek Semjan,SVK,11/7/1987
1163,Jose Pereira,BRA,1/26/1991
1164,Alen Rogic Hadzalic,CRO,4/21/1997
1164,Martin Breysach,FRA,1/30/2002
1166,Filip Duda,CZE,9/30/1998
1167,Arvid Nordquist,SWE,6/8/1998
1167,Vladimir Uzhylovsky,UKR,3/25/1988
1169,Florian Lakat,FRA,8/3/1995
1170,Darko Jandric,SRB,9/2/1994
1170,Li Wie Tan,TPE,9/3/1995
1172,Seita Watanabe,JPN,12/25/2000
1173,Niklas Schell,GER,1/3/1999
1174,Aleksei Khomich,BLR,1/10/1997
1175,Joffrey De Schepper,FRA,9/16/1991
1176,Constantin Bittoun Kouzmine,FRA,1/4/1999
1177,Yannik Steinegger,SUI,9/11/2000
1178,Leopold Zima,GER,5/13/2000
1179,Isaac Stoute,GBR,4/12/1996
1179,Pavel Shumeiko,UKR,10/11/2000
1181,Adam Walton,AUS,4/17/1999
1181,Robert Galloway,USA,9/24/1992
1181,Yannick Vandenbulcke,BEL,7/18/1990
1184,Tim Puetz,GER,11/19/1987
1185,Joao Souza,BRA,5/27/1988
1186,Scott Puodziunas,AUS,11/9/1989
1187,Abedallah Shelbayh,JOR,
1187,Yair Sarouk,ISR,8/15/2001
1189,Antonio Campo,ITA,8/4/1993
1190,Matej Vocel,CZE,5/20/1997
1191,Daniel Rincon,ESP,1/7/2003
1192,Kaza Vinayak Sharma,IND,3/28/1991
1193,Zsombor Velcz,HUN,
1194,Bogdan Pavel,ROU,6/11/1999
1195,Jack Pinnington Jones,GBR,3/30/2003
1196,Joshua Peck,CAN,12/10/1998
1197,Drew Baird,USA,8/31/2000
1197,Emilien Voisin,FRA,4/17/2000
1199,Felipe Mantilla,COL,5/10/1993
1200,Finn Tearney,NZL,9/27/1990
1200,Jordi Samper Montana,ESP,4/5/1990
1202,Lorenzo Rottoli,ITA,
1203,Yann Marti,SUI,6/7/1988
1204,Daniel Antonio Nunez,CHI,6/2/2001
1205,Filippo Moroni,ITA,2/1/2001
1205,Max Andrews,GBR,10/14/1994
1207,Vladislav Ivanov,RUS,6/16/1999
1208,Alejandro Garcia,ESP,11/19/2001
1209,Giovanni Calvano,ITA,1/29/1998
1209,Haadin Bava,IND,12/3/1994
1209,Vaughn Hunter,RSA,9/20/1994
1212,Enrique Bogo,BRA,6/24/1995
1212,Luca Van Assche,FRA,5/11/2004
1212,Michael John Every,AHO,4/15/1994
1215,John Echeverria,ESP,11/30/2001
1216,Alejandro Hoyos Franco,COL,9/17/1999
1216,Oscar Moraing,GER,3/7/2000
1218,Nicolas Uryson,ARG,6/22/1993
1219,Octavio Volpi,ARG,
1220,Marc Dijkhuizen,NED,4/1/1996
1221,Martin Van Der Meerschen,BEL,6/14/2000
1222,Adelchi Virgili,ITA,3/10/1990
1223,Errol Smith,USA,6/16/1994
1224,Kousuke Ogura,JPN,2/9/1996
1224,William Griffith,USA,9/28/1995
1226,Taiyo Yamanaka,JPN,9/5/2001
1227,Zihao Xia,CHN,1/30/1997
1228,Bogdan Borza,ROU,4/5/1997
1229,Mert Naci Turker,TUR,8/16/1998
1230,Gibril Diarra,AUT,5/26/1990
1230,James Frawley,AUS,3/29/1994
1230,Mike Urbanija,SLO,12/26/1989
1233,Tim Heger,GER,10/26/1999
1234,Tomislav Jotovski,MKD,10/27/1990
1235,Fabio Coelho,POR,5/24/2000
1236,Mao Xin Gong,CHN,8/24/1987
1236,Nathaniel Lammons,USA,8/12/1993
1238,Miliaan Niesten,NED,6/27/1988
1239,Christian Sigsgaard,DEN,3/14/1997
1240,Francisco Llanes,URU,4/16/2002
1241,Ryohei Tagata,JPN,7/18/1999
1242,Alexander Knight,USA,12/11/1996
1242,Gregorio Lulli,ITA,4/26/1997
1244,James Trotter,JPN,
1244,N Sriram Balaji,IND,3/18/1990
1246,Jea Moon Lee,KOR,7/2/1993
1247,Adrian Andrzejczuk,POL,3/18/1996
1247,Felipe Martinez Sarrasague,ARG,4/2/1997
1247,Santiago Besada,ARG,4/6/1998
1250,Benedikt Henning,GER,4/28/1997
1250,Lasse Muscheites,GER,4/25/1996
1252,Ko Suzuki,JPN,8/3/1991
1253,Dejan Katic,SRB,3/7/1988
1253,Ti Chen,TPE,10/3/1983
1255,Andre Miele,BRA,4/12/1987
1255,Tom Fawcett,USA,10/18/1995
1257,Arsenije Zlatanovic,SRB,12/4/1989
1257,Spencer Papa,USA,10/22/1995
1259,Wilfredo Gonzalez,GUA,1/6/1993
1260,Luis Diego Chavez Villalpando,ESP,10/24/1995
1260,Roman Blokhin,RUS,3/16/1999
1262,Gustavo Heide,BRA,2/28/2002
1262,Leonardo Civita Telles,BRA,11/14/1995
1264,Florent Diep,FRA,9/24/1991
1264,Trent Bryde,USA,8/24/1999
1266,Mikolaj Lorens,POL,1/30/2002
1267,Marco Mosciatti,ITA,7/16/1997
1268,Filipe Brandao,BRA,12/13/1991
1269,Tim Handel,GER,10/18/1996
1270,Hao Wu,CHN,2/14/1997
1271,Alex Martinez,ESP,3/19/2001
1271,Harry Wendelken,GBR,12/18/2001
1271,Mauro De Maio,ITA,11/6/2001
1274,Francesco Maestrelli,ITA,12/21/2002
1274,Marek Jaloviec,CZE,1/21/1994
1276,Cing Yang Meng,TPE,7/19/1998
1277,Paul Cayre,FRA,4/26/1995
1277,Peter Makk,HUN,10/20/2001
1277,Petru Alexandru Luncanu,ROU,5/7/1989
1280,Maxence Broville,FRA,1/31/1999
1280,Sean Hodkin,GBR,10/31/1998
1282,Boris Fassbender,FRA,3/20/1998
1283,Mirko Cutuli,ITA,5/16/1996
1284,Congsup Congcar,THA,8/21/1996
1284,Mohamed Nazim Makhlouf,ALG,9/12/1996
1284,Timur Maulenov,KAZ,5/30/2000
1287,Kuzey Cekirge,TUR,4/29/2000
1288,Valentin Vanta,ROU,9/28/1997
1289,Goncalo Falcao,POR,2/22/1988
1289,N Vijay Sundar Prashanth,IND,10/27/1986
1289,Tomas Liska,SVK,7/31/1998
1292,Eduardo Ribeiro,BRA,3/17/1998
1292,Leonardo Aboian,ARG,4/20/1998
1294,Niklas Johansson,SWE,10/7/1998
1295,Jordan Hasson,ISR,10/12/1999
1296,Aaron Addison,AUS,11/12/1995
1296,Herbert Jody Maginley,ANT,6/7/1995
1298,Alex Barrena,ARG,
1299,Romain Barbosa,POR,4/17/1994
1299,Siem Woldeab,USA,6/6/2001
1299,Szymon Walkow,POL,9/22/1995
1302,Chad Kissell,USA,4/23/1996
1302,George Von Massow,GER,3/21/1990
1302,Gerald Melzer,AUT,7/13/1990
1302,Marcello Serafini,ITA,
1302,Mattias Siimar,EST,2/3/1998
1307,Yuya Ito,JPN,1/9/1997
1308,Daniel Cox,GBR,9/28/1990
1309,Millen Hurrion,GBR,
1310,Oleg Dolgosheyev,UKR,11/21/1990
1311,Jordi Munoz Abreu,VEN,1/17/1990
1312,Karol Drzewiecki,POL,11/1/1995
1312,Lukas Palovic,SVK,3/2/2002
1314,Federico Bertuccioli,ITA,8/14/1998
1314,Francisco Dias,POR,5/1/1992
1314,Igor Smilansky,ISR,3/26/1995
1314,Oscar Mesquida Berg,ESP,5/7/1996
1314,Viktor Jovic,SRB,
1314,Young Hoon Jeong,KOR,7/28/1989
1320,Preston Touliatos,USA,
1320,Yuta Kikuchi,JPN,
1322,Shamael Chaudhry,GBR,4/17/1996
1323,Paras Dahiya,IND,3/24/1998
1323,Sho Katayama,JPN,5/12/1989
1325,Blaise Bicknell,USA,
1325,Ivan Sergeyev,UKR,1/20/1988
1325,Milan Drinic,SRB,10/16/1997
1325,Radu Mihai Papoe,ROU,8/28/2002
1329,Kareem Allaf,SYR,3/22/1998
1330,Charl Morgan,RSA,7/26/2001
1331,Jared Hiltzik,USA,7/8/1994
1332,Bozo Barun,CRO,
1332,Cyril Vandermeersch,FRA,5/6/1999
1332,Eliot Spizzirri,USA,12/23/2001
1332,Gabor Borsos,HUN,6/30/1991
1332,Maik Steiner,GER,6/19/1994
1332,Sergio Galdos,PER,1/2/1990
1332,Tyler Zink,USA,1/30/2001
1339,Milen Ianakiev,GER,7/20/1995
1339,Yeongseok Jeong,KOR,3/4/2000
1341,Marat Sharipov,KAZ,3/31/1987
1342,Patrik Hartmeier,SUI,1/4/1997
1343,Glenn Smits,NED,10/24/1990
1343,Luis Humberto Lopez,MEX,7/26/1997
1343,Sergei Pogosian,RUS,7/12/1998
1346,Vladislav Melnic,ROU,6/23/1999
1346,Yuichiro Inui,JPN,4/2/1995
1348,Benard Bruno Nkomba,AUS,9/8/1999
1348,Luciano Carraro,ARG,4/22/1998
1350,Axel Garcian,FRA,6/7/2002
1350,Federico Moreno,ARG,8/5/1994
1350,Goran Markovic,SRB,9/17/1995
1350,Jose Joaquin Miranda Cisneros,ESP,6/21/2000
1350,Kiranpal Pannu,NZL,1/7/1997
1350,Samuel Vincent Ruggeri,ITA,
1356,Alberto Colas Sanchez,ESP,5/19/2000
1356,Aliaksandr Bulitski,BLR,4/14/1993
1356,Fernando Yamacita,BRA,10/1/1997
1356,Naoki Takeda,JPN,6/11/1993
1356,Stefan Micov,MKD,8/12/1992
1361,Grey Hamilton,USA,9/30/1996
1362,Ben Jones,GBR,5/19/1998
1362,Wei Qiang Zheng,CHN,6/22/1996
1364,Buvaysar Gadamauri,BEL,7/10/2000
1364,Neil Oberleitner,AUT,8/5/1999
1364,Nicholas Alexander Reyes,USA,1/17/1995
1367,Gabriel Ciro Da Silva,BRA,8/4/1999
1367,Keenan Mayo,USA,
1369,Afonso Salgado,POR,5/8/1997
1369,Amr Asrawy,EGY,
1369,Courtney John Lock,ZIM,10/18/1996
1369,Jake Delaney,AUS,5/14/1997
1369,Michal Mikula,POL,3/4/2000
1369,Rowland Phillips,JAM,1/23/1994
1369,Sam Taylor,SWE,7/3/1997
1369,Viacheslav Yulik,RUS,9/6/2000
1377,Conor Berg,USA,8/17/1991
1377,Kai Lemstra,GER,6/19/1999
1377,Nicolas Bianchi,ARG,11/10/1996
1380,Samuel Brosset,FRA,1/14/1998
1381,Anatoliy Petrenko,UKR,12/4/1995
1381,Chanchai Sookton Eng,AUS,8/25/1996
1381,Jayden Court,AUS,6/19/2000
1381,Mousa Alkotop,JOR,6/25/1998
1381,Pavel Krainik,CAN,9/28/1992
1386,Beibit Zhukayev,KAZ,10/12/2000
1387,Boris Butulija,SRB,1/4/1999
1388,George Botezan,ROU,2/5/1997
1388,Jack Gibbens,GBR,6/23/1997
1390,Juan Pablo Canas Garcia,ESP,3/8/1997
1390,Martin Borisiouk,BLR,7/4/2000
1390,Puriwat Chatpatcharoen,THA,8/3/1995
1393,Hanyi Liu,CHN,5/23/2001
1393,Mikhail Korovin,RUS,2/26/1996
1395,Chandril Sood,IND,2/20/1991
1395,Fabiano De Paula,BRA,11/28/1988
1395,Jakob Schnaitter,GER,3/7/1996
1395,Lukas Greif,USA,12/2/1999
1395,Yasunori Hashikawa,JPN,12/17/1998
1400,Antonin Bolardt,CZE,6/7/1998
1400,Jack Mingjie Lin,CAN,4/15/1999
1400,Kai Breitbach,GER,2/28/1998
1400,Nicaise Muamba,CAN,8/28/2000
1400,Nikola Cacic,SRB,12/7/1990
1405,Alexander Stepin,RUS,
1406,Dominik Kellovsky,CZE,7/24/1996
1406,Enzo Wallart,FRA,2/12/1997
1408,Luka Petrovic,GBR,
1408,Murkel Alejandro Dellien Velasco,BOL,9/16/1997
1408,Robin Thour,SWE,11/27/1994
1408,Yong Kyu Lim,KOR,6/18/1991
1412,John Hallquist Lithen,SWE,12/3/2001
1412,Loris Pourroy,FRA,1/1/2001
1412,Rrezart Cungu,MNE,7/18/1998
1415,Alexander Pavlioutchenkov,RUS,12/3/1985
1415,Faisal Qamar,IND,7/27/1999
1415,Hong Chung,KOR,5/16/1993
1415,Karue Sell,BRA,11/13/1993
1415,Sebastien Boltz,FRA,4/5/1993
1415,Thantub Suksumrarn,THA,
1421,Gianni Ross,USA,2/4/1999
1421,Mason Recci,GBR,1/23/1997
1421,Oh Hee Kwon,KOR,6/18/1978
1421,Rodrigo Echavarria,COL,12/10/1996
1421,Thomas Bosancic,AUS,7/15/2000
1426,Agustin Maria Gascia,ARG,
1426,Aidan Mayo,USA,5/14/2003
1426,Benjamin Niv,BUL,10/12/2000
1426,Christian Oliveira,BRA,12/9/1999
1426,David Agung Susanto,INA,7/21/1991
1426,Jaime Caldes,ESP,2/22/2001
1426,Len Schouten,NED,3/18/1999
1426,Luciano Tacchi,ARG,4/26/2001
1426,Manuel Barros,ARG,5/19/1994
1426,Richard Muzaev,RUS,3/21/1992
1426,Tom Hands,GBR,11/2/1996
1437,Miles Jones,USA,12/26/2000
1437,Mili Poljicak ,CRO,
1437,Siddharth Vishwakarma,IND,10/7/1994
1437,Walter Trusendi,ITA,1/3/1985
1441,Daniel Little,GBR,5/16/1997
1441,Gilad Tamar,ISR,4/28/2000
1441,Jatin Dahiya,IND,9/29/1992
1441,Jerome Kym,SUI,2/12/2003
1441,Jordan Parker,GBR,2/21/1995
1441,Joseph Imeh Ubon,NGR,5/9/1997
1441,Lorenzo Brunetti,ITA,6/27/1995
1441,Marco De Rossi,SMR,6/27/1997
1441,Mark Tryakshin,UZB,7/26/2001
1441,Noah Schachter,USA,9/6/1999
1441,Tristan Meraut,FRA,12/27/1995
1452,Ameur Ben Hassen,TUN,6/28/1993
1453,Alessandro Procopio,ITA,3/11/1998
1453,Andres Urrea,COL,8/31/1994
1453,Dylan Salton,RSA,9/9/2002
1453,Henri Squire,GER,9/27/2000
1453,Logan Zapp,USA,11/19/2001
1453,Mats Hermans,NED,4/6/1996
1453,Paul Valsecchi,FRA,8/20/1997
1453,Scott Duncan,GBR,8/21/1994
1453,Thomas Yaka Kofi Setodji,TOG,10/13/1995
1462,Ronald Hohmann,USA,8/1/2001
1463,Alexandru Vasile Manole,ROU,9/21/1998
1463,Anton Chekhov,RUS,9/15/1992
1463,Mayeul Darras,FRA,2/1/1999
1463,Mikal Oliver Statham,NZL,4/25/1987
1463,Sheil Kotecha,KEN,3/28/2000
1463,Vasko Mladenov,BUL,7/30/1989
1469,Krittin Koaykul,THA,3/31/1995
1469,Olimjon Nabiev,UZB,6/25/2002
1471,Alexander Klintcharov,NZL,8/25/1996
1471,Jose Daniel Bendeck,COL,12/24/1990
1471,Juan Ignacio Alcalde,ARG,7/18/1999
1471,Rishi Reddy,IND,4/6/1998
1471,Samuel Puskar,SVK,4/21/2000
1471,Thomas Deschamps,BEL,7/19/1996
1471,Yeudy Villar,DOM,9/28/2000
1471,Youcef Rihane,ALG,
1471,Yvo Panak,CZE,8/21/1995
1480,Gian Marco Ortenzi,ITA,2/3/2000
1481,Alexander Jhun,GBR,5/8/1995
1481,Karunuday Singh,IND,11/19/1990
1481,Leonid Sheyngezikht,BUL,11/4/2000
1481,Marco Saffratti,ARG,9/10/1999
1481,Nicholas Bybel,USA,10/25/1993
1481,Sean Cuenin,FRA,2/16/2004
1481,Seon Yong Han,KOR,1/18/2001
1481,Suraj R Prabodh,IND,1/8/1995
1481,Thanapet Chanta,THA,9/9/1999
1490,Alexander Ovcharov,RUS,6/17/1998
1490,Jake Hersey,GBR,5/21/2000
1490,Lucas Bouquet,FRA,8/5/1997
1490,Zakhar Trapeznikov,RUS,4/7/1998
1494,Lukas Hellum Lilleengen,NOR,11/15/2000
1495,Alessandro Ceppellini,ITA,10/7/1996
1495,James Ibrahim,AUS,4/12/1998
1495,Moritz Thiem,AUT,12/8/1999
1498,Dante Gennaro,ARG,5/14/1993
1498,George Goldhoff,USA,1/14/1995
1498,Yassir Kilani,MAR,8/10/2000
1501,Alessandro Coppini,ITA,5/1/1998
1501,Yann Wojcik,SUI,11/29/1996
1503,Admir Kalender,CRO,1/12/2001
1503,Kunal Anand,IND,6/2/1992
1503,Max Alcala Gurri,ESP,9/11/2002
1503,Nicolas Tepmahc,FRA,5/23/2001
1503,Piotr Matuszewski,POL,4/22/1998
1508,Agustin Riquelme,ARG,4/8/2000
1508,Mert Alkaya,TUR,6/14/2000
1510,Andrej Glvac,SVK,1/31/1997
1511,Costin Paval,ROU,9/1/1990
1511,George Stoupe,NZL,
1511,Hanamichi Carvajal,CHI,5/16/2002
1511,Ivailo Keremedchiev,BUL,5/30/2000
1511,Loic Cloes,BEL,11/13/1998
1511,Luca Keist,SUI,4/21/1998
1511,Lukas Ollert,GER,11/25/1992
1511,Menelaos Efstathiou,CYP,3/2/1999
1511,Robertas Vrzesinski,LTU,3/2/1998
1511,Wil Spencer,USA,9/8/1989
1522,Aristarkh Safonov,RUS,
1522,Bruno Kuzuhara,USA,
1522,Hugo Pierre,FRA,3/13/1996
1522,Jianhui Li,CHN,1/18/1996
1522,Jurgen Melzer,AUT,5/22/1981
1522,Kody Pearson,AUS,7/26/1999
1522,Lucio Carnevalle,ARG,11/12/2001
1522,Sander Arends,NED,8/9/1991
1522,Sergey Shipilov,UZB,7/3/1993
1522,Sergio Luis Hernandez Ramirez,COL,8/28/1999
1522,Shunsuke Mitsui,JPN,
1533,Ahmed Chaudary,PAK,12/17/1993
1533,Alessandro Pecci,ITA,
1533,Bastian Trinker,AUT,5/11/1990
1533,Carson Haskins,USA,8/5/1999
1533,Christian Lerby,NED,11/7/2001
1533,Demetris Azoides,GRE,10/9/2000
1533,Edouard Villoslada ,FRA,
1533,Eric Hadigian,USA,11/22/1999
1533,Joao Victor Couto Loureiro,BRA,3/28/2003
1533,Jordan Smith,CAN,1/7/1989
1533,Lance Pierre Du Toit,RSA,1/15/1999
1533,Yannik Reuter,BEL,3/6/1991
1545,Giles Hussey,GBR,5/26/1997
1545,Ilarion Danilchenko,RUS,
1545,Louis Lechevretel,FRA,4/16/1996
1545,Marko Topo,SRB,9/13/2003
1545,Mathieu Scaglia,FRA,11/23/1998
1545,Tyler Lu,USA,8/12/1995
1551,Aleksandar Tomas,AUT,6/26/2003
1551,Cleeve Harper,CAN,12/24/2000
1551,Davide Albertoni,ITA,2/1/1996
1551,Jakob Sude,GER,6/18/1991
1551,Max Basing,GBR,
1551,Pablo Alemany,ESP,
1551,Santiago Bramajo,ARG,11/7/2000
1551,Sung Jun Park,KOR,2/18/1994
1551,Tamaki Yamao,JPN,8/21/1998
1551,Valerio Aboian,ARG,
1561,Aleksander Orlikowski,POL,
1561,Alexander Gaponenko,ISR,6/1/2002
1561,Davide Pontoglio,ITA,7/2/1992
1561,Jacob Brumm,USA,11/30/1998
1561,Joshua Dous Karpenschif ,FRA,
1561,Rodrigo Banzer,BOL,1/29/1997
1561,Shi Hong Zeng,CHN,7/18/1997
1568,Alexandre Rotsaert,USA,10/14/1999
1568,Alvaro Saez Royuela Ariza,ESP,8/11/2000
1568,Antonin Stepanek,CZE,4/15/1999
1568,Artur Shakhnubaryan,RUS,8/16/1996
1568,Bulat Galiev,RUS,10/16/1997
1568,Daniel Mora,COL,6/21/1996
1568,Franco Capalbo,ARG,12/26/1997
1568,Giovanni Rizzuti,ITA,5/13/1995
1568,Jason Kros,USA,7/3/1997
1568,Jesse Witten,USA,10/15/1982
1568,Jiri Jenicek,CZE,12/14/1999
1568,Joshua Howard Tripp,RSA,6/24/1999
1568,Julian Gimenez,ARG,2/23/2001
1568,Luca George Tatomir,ROU,8/21/1995
1568,Luigi Castelletti,ITA,
1568,Markus Schultz,SWE,11/5/1993
1568,Masamichi Imamura,JPN,11/23/1998
1568,Mihailo Popovic,SRB,
1568,Minjong Park,KOR,10/22/2001
1568,Mischa Lanz,SUI,5/31/2000
1568,Pasquale De Giorgio,ITA,4/27/1999
1568,Patrik Nema,SVK,10/25/1997
1568,Philip Bachmaier,AUT,10/30/1996
1568,Roland Stuurman,NED,6/6/1999
1568,Sprithvi Sekhar,IND,10/3/1993
1568,Stephen Kaldawi,AUS,8/28/1995
1568,Takuya Kumasaka,JPN,10/12/1998
1568,Tuki Jacobs,NAM,12/10/1994
1568,Valentin Vacherot,FRA,11/16/1998
1568,Victor Nunez,CHI,5/25/1991
1598,Daniel Paty,CZE,10/4/1999
1599,Andre Gaspar Murta,POR,8/8/1994
1599,Arturs Lazdins,LAT,4/9/1997
1599,Chayanon Kaewsuto,THA,6/16/1995
1599,Christian Seraphim,GER,5/25/1995
1599,Danil Spasibo,RUS,6/19/2001
1599,Edward Hubner,GBR,4/27/1998
1599,George Houghton,GBR,7/11/1998
1599,Giuseppe La Vela,ITA,10/16/2000
1599,Henrik Traskin,LTU,10/17/1998
1599,Hugo Largo,ESP,7/23/1997
1599,Hugo Voljacques,FRA,12/30/1992
1599,Igor Saveljic,MNE,8/17/1995
1599,Ivan Endara,ECU,3/4/1988
1599,Jiri Barnat,CZE,7/26/2001
1599,Joao Marcos Nusdeo,BRA,11/30/1994
1599,Karl Kiur Saar,EST,4/21/1996
1599,Kevin Major,BAH,3/25/1995
1599,Leonardo Malgaroli,ITA,
1599,Lodewijk Weststrate,NED,7/1/2001
1599,Loic Ratsaratany,FRA,5/31/1999
1599,Lorenzo Claverie,VEN,
1599,Martins Rocens,LAT,4/9/2000
1599,Maxim Krapivin,RUS,12/12/1999
1599,Michael Gloeckler,AUT,9/13/1998
1599,Michael Look,AUS,11/24/1987
1599,Neel Rajesh,USA,11/14/2000
1599,Neil Pauffley,GBR,3/29/1990
1599,Niccolo Inserra,ITA,7/20/1999
1599,Noah Thurner,GER,1/27/2000
1599,Perry Gregg,USA,7/6/2000
1599,Pietro Marino,ITA,
1599,Sebastian Murillo,USA,8/12/1999
1599,Taha Kapadia,IND,11/2/1997
1599,Thiago Cigarran,ARG,3/26/2000
1599,Viacheslav Bielinskyi,UKR,12/2/2003
1599,Young Seok Kim,KOR,5/12/1995
1599,Yunosuke Tanaka,JPN,3/3/1999
1636,Marco Furlanetto,ITA,
1637,Alexander Boborykin,RUS,6/3/1996
1637,Chak Lam Coleman Wong,HKG,6/6/2004
1637,Damien Bayard,FRA,2/29/1996
1637,Digvijaypratap Singh,IND,6/2/2000
1637,Fausto Tabacco,ITA,5/13/2002
1637,Grigoriy Korobeynikov,UZB,9/7/1998
1637,Ilya Snitari,MDA,
1637,Janis Podzus,LAT,6/29/1994
1637,Lior Goldenberg,ISR,12/22/1999
1637,Louroi Martinez,SUI,10/1/1998
1637,Max Wiskandt,GER,2/1/2002
1637,Nicolas Parizzia,SUI,9/15/1998
1637,Pavel Verbin,RUS,
1637,Petr Bar Biryukov,RUS,
1637,Pol Amoros Ramos,ESP,2/24/1998
1637,Ranjeet Virali Murugesan,IND,9/30/1985
1637,Tomohiro Masabayashi,JPN,3/5/1998
1654,Guillaume Dermiens,BEL,9/4/1999
1654,Kalin Ivanovski,MKD,
1654,Riaan Du Toit,CAN,4/15/1994
1657,Adam Jones,GBR,5/8/1998
1657,Andrea Borroni,ITA,6/9/1995
1657,Davide Tortora,ITA,9/22/2000
1657,Deney Wassermann,NED,3/25/2001
1657,Dusan Rajic,SRB,4/27/1999
1657,Finn Bass,GBR,10/9/1999
1657,Fletcher Scott,USA,12/10/1998
1657,Gustaf Strom,SWE,9/22/2001
1657,Hasan Ibrahim,GER,8/17/1995
1657,Hazem Naw,UNK,1/1/2000
1657,Jirat Navasirisomboon,THA,11/17/1996
1657,Juan Pablo Grassi Mazzuchi,ARG,8/28/1999
1657,Kristof Minarik,SVK,
1657,Luciano Doria,ARG,1/27/1993
1657,Mate Voros,HUN,3/6/2000
1657,Nicholas Shamma,USA,10/7/1996
1657,Paolo Dagnino,ITA,10/27/1997
1657,Riccardo Di Nocera,ITA,5/11/2000
1657,Sanetulla Kutybaev,UZB,12/4/1997
1657,Shohei Chikami,JPN,10/22/1998
1657,Toby D Boyer,USA,6/25/1996
1657,Xavier Gabarro,ESP,10/16/1999
1679,Federico Campana,ITA,4/13/1998
1679,Hillel Rousseau,HAI,6/16/1995
1681,Andres Gabriel Ciurletti,ARG,1/4/1998
1681,Constant De La Bassetiere,FRA,1/22/1998
1681,Dali Blanch,USA,
1681,Daniel Siniakov,CZE,
1681,David Szintai,HUN,6/9/1997
1681,Felipe Derdoy,ARG,2/9/1997
1681,Gleb Blekher,CAN,
1681,Leonardo Taddia,ITA,1/29/2000
1681,Luke Jacob Gamble,USA,4/18/1995
1681,Martin Dimitrov,BUL,2/12/1981
1681,Sebastian Eguez,BOL,7/26/1995
1681,William Ma,AUS,9/9/1995
1693,Faris Zakaryia,EGY,5/13/2001
1694,Berk Ilkel,TUR,7/28/2001
1694,Bruno Pujol Navarro,ESP,8/27/2001
1694,Carles Hernandez,ESP,4/25/2001
1694,Dominik Nazaruk,POL,10/14/1996
1694,Gabriele Bosio,ITA,11/25/2000
1694,Ishaque Eqbal,IND,1/17/1998
1694,Kento Tagashira,JPN,9/20/1993
1694,Patrick Foley,GBR,4/12/1995
1694,Ren Nakamura,JPN,1/31/1995
1694,Ricardo David Mayagoitia,MEX,6/19/1994
1694,Rotem Sobol,ISR,9/6/2001
1694,Vladimir Filip,ROU,7/31/1995
1694,William Grant,USA,2/13/2001
1707,Amaury Delmas,FRA,4/1/1998
1707,Ken Onishi,JPN,2/18/1996
1707,Mousheg Hovhannisyan,USA,10/4/1991
1707,Nemanja Malesevic,BIH,8/19/2001
1707,Nicolas Bruna,CHI,1/19/1999
1707,Sergey Bolotov,RUS,5/14/1999
1707,Skyler Butts,HKG,9/18/1993
1707,Woravin Kumthonkittikul,THA,2/25/1995
1715,Gregorio Cordonnier,ARG,2/2/1996
1716,Esteban Bruna,CHI,1/19/1995
1716,Pedro Boscardin Dias,BRA,1/28/2003
1716,Roi Ginat,ISR,2/18/2001
1716,Saba Purtseladze,GEO,8/20/2001
1716,Shahar Elbaz,ISR,2/3/1997
1716,Stefano Baldoni,ITA,8/26/1997
1716,Terence Das,IND,1/30/2002
1723,Boris Arias,BOL,11/9/1993
1724,Adrian Oetzbach,GER,10/29/1997
1724,Daniel Batista,POR,12/6/1998
1724,Dominik Recek,CZE,2/19/1995
1724,Matthew Dellavedova,AUS,5/30/2000
1724,Pedro Iamachkine,PER,4/3/1996
1729,Natan Rodrigues,BRA,2/2/2002
1730,Anze Arh,SLO,2/14/1999
1731,Muthu Aadhitiya Senthilkumar,IND,1/14/2000
1732,Preston Brown,USA,8/23/2001
1733,Adam Heinonen,SWE,8/22/2002
1733,Adria Soriano Barrera,ESP,6/2/1999
1733,Alberto Cammarata,ITA,4/8/1993
1733,Alejandro Licea,ESA,
1733,Alejandro Reguant,ESP,6/29/1998
1733,Alvaro Guillen Meza,ECU,1/2/2003
1733,Aly Shokeir,EGY,1/11/2002
1733,Amine Ahouda,MAR,9/11/1997
1733,Andreja Petrovic,NOR,2/1/2000
1733,Andrew Dale,USA,
1733,Bang Shuo Yin,TPE,2/27/1999
1733,Barnaby Smith,GBR,5/4/1999
1733,Benito Sanchez Martinez,GER,4/30/2002
1733,Benjamin L Ambrosio,ARG,3/13/2001
1733,Biagio Gramaticopolo,ITA,
1733,Blazo N Djurovic,AUS,4/2/1996
1733,Blu Baker,GBR,
1733,Bradley Frye,USA,
1733,Brian Cernoch,USA,9/9/1999
1733,Cameron Henricy Trigolos,ESP,
1733,Carlos Andres Sepulveda Navarro,COL,2/28/1997
1733,Claudio Grassi,ITA,7/25/1985
1733,Cosmin Ontica,ROU,3/22/1995
1733,Daniel Ibragimov,RUS,
1733,Din Karahodza,GER,
1733,Eduardo Nava,USA,3/11/1997
1733,Elmer Moller,DEN,
1733,Emilien Burnel,FRA,11/2/2000
1733,Eric Jr Olivarez,PHI,
1733,Fardeen Qamar,IND,
1733,Finn Murgett,GBR,9/17/2001
1733,Fouad Behbehani,KUW,5/31/2000
1733,Gabriele Piraino,ITA,
1733,Gianluca Beghi,ITA,7/16/1991
1733,Giovanni Oradini,ITA,9/14/1997
1733,Goran Zivotic,SRB,
1733,Hayato Kudo,JPN,9/19/1998
1733,Henrique Rocha,POR,4/6/2004
1733,Hyung Chan Lim,KOR,11/14/1985
1733,Igor Karpovets,UKR,3/6/1999
1733,Igor Solomatin,UKR,12/16/1998
1733,Japheth Anwasiba Bagerbaseh,GHA,
1733,Jeson Patrombon,PHI,3/27/1993
1733,Jesse Timmermans,NED,3/17/1989
1733,Joe Tyler,GBR,11/1/1998
1733,Johannes Fleischmann,GER,10/9/1999
1733,Joshua Sheehy,USA,1/28/1997
1733,Julian Schubert,AUT,
1733,Jun Sang Park,KOR,1/14/1995
1733,Juraj Masar,SVK,7/10/1992
1733,Lilian Prodhomme,FRA,11/25/1998
1733,Linus Erhart,AUT,8/3/1994
1733,Lucas Luini,ARG,
1733,Luka Todorovic,SRB,
1733,Lukas Mugevicius,LTU,12/7/1994
1733,Luke Phillips,USA,8/21/1998
1733,Macsen Sisam,NZL,5/3/2000
1733,Madhwin Kamath,IND,
1733,Mateo Gomez,COL,4/29/2002
1733,Maurus Malgiaritta,SUI,
1733,Maxim Tybar,BLR,6/1/1998
1733,Nicolas Acevedo,CHI,9/25/1999
1733,Nicolas Zanellato,BRA,
1733,Nikita Volonski,AUS,9/7/2001
1733,Obrad Markovski,MKD,11/1/2000
1733,Olle Wallin,SWE,
1733,Oscar Mancineiras Cornella,ESP,2/17/1995
1733,Ozan Colak,USA,
1733,Philipp Schroll,AUT,6/12/1996
1733,Pierre Antoine Tailleu,FRA,
1733,Raphael Lambling,FRA,5/2/2000
1733,Razvan Baiant,CAN,9/17/2000
1733,Reece Falck,NZL,
1733,Rene Schulte,GER,4/10/1989
1733,Samuel Hodor,SVK,7/18/1996
1733,Sherif Abohabaga,EGY,7/6/1994
1733,Shota Tange,JPN,
1733,Shunrou Takeshima,JPN,8/25/1990
1733,Simonas Zukauskas,LTU,2/9/1999
1733,Stefan Popovic,SRB,
1733,Stefan Skadarka,AUS,12/21/1998
1733,Teodor Giusca,ROU,12/29/1999
1733,Thomas Braithwaite,AUS,
1733,Washi Gervais,CAN,4/21/1994
1733,Yannick Jankovits,FRA,1/6/1987
1733,Zhao Zhao,CHN,3/1/2000
1819,Adrien Bossel,SUI,12/28/1986
1819,Aissa Benchakroun,MAR,
1819,Alejandro Sanchez Gonzalez,ESP,
1819,Alessandro Ragazzi,ITA,12/24/1996
1819,Alexander Lazov,BUL,7/9/1990
1819,Alexis Klegou,BEN,1/25/1989
1819,Anton Zaitsev,RUS,7/22/1987
1819,Arthur Weber,FRA,5/9/1992
1819,Austin Ansari Ansari,USA,3/3/1994
1819,Axel Nefve,USA,7/22/2000
1819,Brandon Murphy,GBR,7/19/2000
1819,Brandon Perez,VEN,1/14/2000
1819,Carl Bret Parko,EST,10/17/2000
1819,Carles Batlle,ESP,4/15/2000
1819,Carlos Hassey,USA,6/1/1999
1819,Cesar Bourgois,FRA,11/14/1997
1819,Chrisjan Van Wyk,RSA,
1819,Christian Lakoseljac,CAN,12/23/1998
1819,Daniel Merida Aguilar ,ESP,
1819,Daniel Vrba,CZE,7/23/1996
1819,Daniil Strelchenko,UKR,11/11/2000
1819,Dax Donders,NED,7/14/2000
1819,Emmanuel Idoko,NGR,2/1/1997
1819,Enrique Luque Rico,ESP,7/5/2000
1819,Erik Holt Crossman,AUS,5/13/1997
1819,Ethan Denzel Sibanda,ZIM,
1819,Filip Stipic,SRB,
1819,Francis Casey Alcantara,PHI,2/4/1992
1819,Francisco Vittar,ARG,5/16/1999
1819,Gunjan Jadhav,IND,
1819,Herman Meeuwes Mattheo Knoop,NED,3/6/1998
1819,Hikaru Shiraishi,JPN,5/22/2000
1819,Hunter Reese,USA,1/11/1993
1819,Igor Trunov,RUS,
1819,Jacob Bullard,USA,2/21/2001
1819,Jean Jacques Rakotohasy,MAD,8/23/1994
1819,Jorge Blanco Guadalupe,ESP,11/17/1997
1819,Juan Sebastian Zabala Vargas,ECU,
1819,Julian Cundom,ARG,4/10/2001
1819,Karl Poling,USA,8/4/1999
1819,Kosuke Okagaki,JPN,12/18/1998
1819,Kris Krawcewicz,AUT,4/30/1996
1819,Laelson Rodrigues,BRA,8/2/1999
1819,Lakshit Sood,IND,2/20/1991
1819,Leny Mitjana,FRA,8/1/1994
1819,Leonardo Catani,ITA,
1819,Liova Ajavon,TOG,6/17/1999
1819,Lluc Mir Anglada,ESP,
1819,Louis Herman,BEL,5/3/2001
1819,Marcus Walters,GBR,4/3/1998
1819,Matas Vasiliauskas,LTU,
1819,Mate Zsiga,HUN,5/5/1992
1819,Mateusz Terczynski,POL,3/2/1996
1819,Mikail Alimli ,FRA,
1819,Mohamed Hassan,EGY,7/18/1978
1819,Moritz Pfaff,GER,11/19/2000
1819,Nicolas Demeroutis,BEL,
1819,Nigmat Shofayziev,UZB,6/30/1993
1819,Nikita Alosha,UKR,4/17/2000
1819,Nikola Slavic,SWE,9/26/2000
1819,Noppadol Noikor,THA,
1819,Orel Kimhi,ISR,
1819,Oscar Galimardanov,RUS,
1819,Petar Pjevcevic,SRB,7/7/1995
1819,Peter Benjamin Privara ,SVK,8/2/2004
1819,Quinn Vandecasteele,USA,
1819,Raul Garcia,BOL,3/5/2002
1819,Raul Gerardo Centeno Arteaga,ECU,8/29/2001
1819,Riley Smith,USA,6/5/1997
1819,Robbie Arends,RSA,11/25/2001
1819,Rodrigo Nicolas Montes De Oca Murillo,PER,
1819,Rodrigo Sanchez,PER,9/19/1991
1819,Romain Bauvy,FRA,6/29/1994
1819,Shahin Khaledan,IRI,6/7/1990
1819,Shendrit Deari,MKD,2/11/1989
1819,Siim Troost,EST,12/7/1999
1819,Simone Cacciapuoti,ITA,8/27/2000
1819,Strahinja Rakic,SRB,3/30/1996
1819,Tomas Gerini,ARG,7/20/1995
1819,Tuur Heuvinck,BEL,
1819,Viktor Nikitin,RUS,12/3/1997
1819,Younes Lalami Laaroussi,MAR,4/18/2001
1901,Abraham Asaba,GHA,5/21/1997
1901,Adam Nagoudi,TUN,9/9/2000
1901,Alan Fernando Rubio Fierros,MEX,2/3/1999
1901,Alan Magadan,MEX,
1901,Alessandro Dragoni,ITA,7/27/1997
1901,Alex Kobelt,USA,4/14/1997
1901,Alvaro Blanco Damea,ESP,5/30/1997
1901,Andrea Gola,ITA,8/31/2001
1901,Antonio Muniz Hidalgo,ESP,1/18/2000
1901,Anurag Nenwani,IND,5/9/1998
1901,Athanassios Manekas,GRE,9/8/1998
1901,Baker Newman,USA,10/6/1995
1901,Bradley Paliska ,FRA,
1901,Chris Wettengel,USA,4/17/1982
1901,Clay Crawford,GBR,1/26/1995
1901,Clement Chidekh,FRA,6/13/2001
1901,Clement Deleersnyder,FRA,
1901,Colin Markes,USA,3/1/1997
1901,Dan Martin,CAN,
1901,Darko Bojanovic,BIH,2/8/1997
1901,Deni Zmak,CRO,5/27/1989
1901,Eduardo Roldan,MEX,
1901,Eric Ahren Moonga,SWE,12/27/1995
1901,Gerard Escandell Juan,ESP,10/10/2000
1901,Gianluca Acquaroli,ITA,10/27/1994
1901,Guy Den Ouden,NED,4/8/2002
1901,Huixin Wang,CHN,8/4/1996
1901,Jan Mertl,CZE,1/3/1982
1901,Ji Hoon Son,KOR,9/9/1994
1901,Jing Long Weng,NED,
1901,Jonas Maier,GER,
1901,Joshua Luck,RSA,11/20/1995
1901,Kamen Damov,CAN,
1901,Kazuki Shimizu,JPN,2/25/2000
1901,Keivon Tabrizi,SUI,7/23/1996
1901,Kento Yamada,JPN,7/19/1998
1901,Kevin Chahoud,SWE,
1901,Kevin Cheruiyot,KEN,1/28/1998
1901,Leighton Allen,USA,
1901,Leonardo Lopez Linquet,ARG,
1901,Lisandru Rodriguez,FRA,5/28/2002
1901,Lynn Max Kempen,GER,11/11/1994
1901,Maks Kasnikowski,POL,7/6/2003
1901,Marc Othman Ktiri ,ESP,
1901,Mario Mansilla Diez,ESP,5/12/2002
1901,Masi Sarpola,FIN,2/12/1999
1901,Patrick Zahraj,GER,7/17/1999
1901,Pierre Malan,RSA,2/27/2001
1901,Plamen Milushev,BUL,8/6/1994
1901,Qun Gao,CHN,2/18/1994
1901,Rafael Giotis,GER,11/25/2000
1901,Robert Rumler,CZE,12/1/1993
1901,Roy Sarut De Valk,NED,12/30/1991
1901,Sam Ryan Ziegann,AUS,7/25/1998
1901,Seung Ri Choi,KOR,6/23/1990
1901,Shaheed Alam,SGP,7/9/1998
1901,Sheng Tang,CHN,1/28/2000
1901,Siphosothando Montsi,RSA,11/9/1999
1901,Stefanos Sakellaridis,GRE,9/13/2004
1901,Stijn Pel,NED,
1901,Tae Woo Lee,KOR,12/19/1991
1901,Trey Hilderbrand,USA,5/15/2000
1901,Vasil Dimitrov,BUL,12/5/2002
1901,Vasile Alexandru Ghilea,ROU,12/31/1993
1901,Victor Crivoi,ROU,5/25/1982
1901,Victorio Marquiselli,ARG,
1901,Vladyslav Gorodynskyi,UKR,8/12/1997
1901,Vuk Budic,USA,
1901,William Blumberg,USA,1/26/1998
1970,Adam Bronka,AUS,9/15/1999
1970,Adrian Barbu,ROU,7/29/1983
1970,Aleksi Lofman,FIN,2/21/2002
1970,Alexander Mannapov,GER,4/21/1995
1970,Alexandre Aubriot,FRA,6/6/1999
1970,Andrea Del Federico,ITA,12/24/1999
1970,Antun Vidak,CRO,5/12/1993
1970,Atharva Sharma,IND,
1970,Bartosz Wojnar,POL,9/26/1993
1970,Bingyu Yu,CHN,2/18/1999
1970,Charles Force,USA,10/18/1996
1970,Charles Tzicas,BEL,1/4/1999
1970,Christian Didier Chin,MAS,8/23/2000
1970,Claudio Fortuna,ITA,4/19/1990
1970,Daniel Litvinov,RUS,
1970,Daniil Savelev,RUS,
1970,David Barclay,AUS,9/6/1990
1970,David Vega Hernandez,ESP,6/23/1994
1970,Denis Parshutin,UKR,1/30/2000
1970,Dmytro Kamynin,UKR,10/28/1989
1970,Doru Junior Borsan,ROU,2/8/2001
1970,Eduard Vlasceanu,ROU,5/24/1998
1970,Emil Reinberg,USA,4/20/1997
1970,Emir Sendogan,TUR,
1970,Gian Luca Tanner,SUI,
1970,Gokul Suresh,IND,2/6/1997
1970,Gui Gomes,USA,1/23/1998
1970,Ioannis Stergiou,GRE,4/3/1995
1970,Janmagnus Johnson,USA,8/11/2000
1970,Javier Molino,ESP,5/14/2001
1970,Ju Hae Moon,KOR,5/31/1988
1970,Mario Gonzalez Fernandez,ESP,4/28/2002
1970,Moerani Bouzige,AUS,7/13/1999
1970,Nevin Arimilli,USA,10/29/1999
1970,Oleksander Byelinskyy,UKR,5/1/1994
1970,Robin Bertrand,FRA,
1970,Sahil Gaware,IND,7/8/1997
1970,Samuel Beren,USA,2/6/1997
1970,Sergis Kyratzis,CYP,5/12/1995
1970,Sherif Sabry,EGY,8/29/1986
1970,Shinnosuke Hiramatsu,JPN,10/11/1996
1970,Stepan Pecak,CZE,6/21/2000
1970,Sylvester Emmanuel,NGR,4/4/1998
1970,Tiago Torres,POR,7/8/2002
1970,Tom Schonenberg,GER,6/15/1991
1970,Wulfrano Martinez Mora Esdras,MEX,10/6/2001
1970,Yash Chaurasia,IND,12/9/2001
2017,Aaron Cohen,ISR,8/21/2002
2017,Alan Postay,ARG,11/21/1996
2017,Christopher Patzanovsky,GER,12/24/1997
2017,Clement Larriere,FRA,5/21/1997
2017,Dev Javia,IND,
2017,Dominik Langmajer,CZE,8/21/1999
2017,Dong Ju Kim,KOR,4/9/2002
2017,Eleftherios Theodorou,GRE,7/19/1996
2017,Felipe Santamaria,COL,7/1/1996
2017,Gabriel Diallo,CAN,9/24/2001
2017,Horst Rieder,ITA,4/14/1997
2017,Hugo Maia,POR,4/1/2001
2017,Iiro Vasa,FIN,
2017,Ioannis Stamoulos,GRE,
2017,Ivan Mikhaylyuk,RUS,10/11/1998
2017,Joan B Borras Isern,ESP,5/22/1999
2017,Jordi Walder,GER,7/19/1998
2017,Juan Ignacio Batalla,MEX,8/10/1999
2017,Kristijan Juhas,SRB,
2017,Lautaro Agustin Falabella,ARG,1/19/1998
2017,Louis Allen,GBR,
2017,Luca Sanchez,FRA,3/18/1999
2017,Max Westphal ,FRA,
2017,Michal Novansky,SVK,
2017,Mikel Aranzabal,ESP,3/22/2001
2017,Mislav Bosnjak,AUS,6/4/1998
2017,Mohamad Gomaa,EGY,8/4/1999
2017,Muzingaye Dickson Andile Sibanda,ZIM,10/8/1997
2017,Natthasith Kunsuwan,THA,2/23/2000
2017,Olexiy Kolisnyk,UKR,4/30/1996
2017,Oscar Gabriel Ortiz,ARG,9/24/1997
2017,Pavel Shchaya Zubrov,RUS,6/24/1994
2017,Raheel Manji,CAN,5/26/1997
2017,Rayane Oumaouche,FRA,6/22/1997
2017,Stamatis Kapiris,GRE,6/2/1999
2017,Sung Hun Kim,KOR,6/26/1995
2017,Tim Van Der Horst,NED,9/30/1995
2017,Tomas Luis,POR,3/13/2002
2017,Yu  Hsiang Chiu,TPE,11/5/1994
2017,Yuttana Charoenphon,THA,8/14/2000
2057,Alec Deckers,NED,5/2/2000
2057,Andrea Bessire,ITA,4/25/1999
2057,Aron Hiltzik,USA,4/17/1996
2057,Artsiom Bardzin,BLR,10/16/2000
2057,Christos Keisidis,GRE,10/20/1992
2057,Emmanuel Luria,ISR,7/29/1998
2057,Facundo Arias Bisso,ARG,9/30/1998
2057,Gaston Erhardt,ARG,
2057,Hao Yuan Ng,SIN,1/14/1995
2057,Ioannis Xilas,GRE,
2057,Jorge Martinez Martinez,ESP,9/23/1995
2057,Julien De Cuyper,FRA,5/18/1999
2057,Jurence Zosimo Mendoza,PHI,5/29/1996
2057,Lilian Breut,FRA,
2057,Mariano Alberto Hasenkopf,GER,11/15/2000
2057,Patric Prinoth,ITA,8/31/1996
2057,Pelle Boerma,GER,2/18/1997
2057,Ran Amar,ISR,5/5/1999
2057,Roee Benya,ISR,2/18/2000
2057,Shunsuke Wakita,JPN,7/26/1995
2077,Bastien Presuhn,GER,8/6/2000
2077,Emmett Ward,USA,5/4/1995
2077,Flemming Peters,GER,10/24/1995
2077,Francesco Bessire,ITA,2/21/1994
2077,Jakob Johansson Holm,SWE,5/15/1995
2077,Lorenzo Vatteroni,ITA,9/27/2000
2077,Matt Kuhar,USA,6/17/1996
2077,Nino Ehrenschneider,GER,
2077,Romain Faucon,BEL,
2077,Roni Mikael Hietaranta,FIN,9/24/2001
2077,Sharobiddin Abzalov,UZB,2/19/1998
2077,Sheng Hao Zhou,CHN,10/7/1996
2090,Bernardo Saraiva,POR,8/6/1993
2090,Gabriele Moghini,SUI,6/26/1996
2090,Leo Borg,SWE,5/15/2003
2090,Ondrej Styler,CZE,6/1/2000
2094,Georg Winkler,ITA,1/17/1997
2094,Giuseppe Tresca,ITA,6/17/1998
2094,Javier Naser,CHI,12/3/1996
2094,Nikolay Vylegzhanin,RUS,4/18/2000
2094,Or Ram Harel,ISR,2/1/1995
2094,Pavle Daljev,SRB,2/23/1992
2094,Roko Horvat,CRO,3/30/2001
2101,Bora Sengul,TUR,10/30/2001
2101,Franco Roncadelli,URU,2/6/2000
2101,Michalis Sakellaridis,GRE,1/15/2001
2101,Quentin Gueydan,FRA,7/25/1994
2101,Zura Tkemaladze,GEO,6/4/2000
2106,Ivan Marrero Curbelo,ESP,9/27/1998
2106,Ivar Jose Aramburu Contreras,MEX,3/21/1994
2106,Linus Frost,SWE,6/14/1995
2109,Moritz Trocker,ITA,4/22/2000
2110,Alexis Boureau,FRA,4/25/1996
2111,Umut Akkoyun,TUR,7/10/2000
